{
	"display": {
		"icon": {
			"id": "minecraft:experience_bottle"
		},
		"title": "Evolve or die",
		"description": "Get corrupted into another race (do not try this at home)",
		"frame": "goal",
		"show_toast": true,
		"announce_to_chat": true,
		"hidden": false
	},
	"parent": "first:talesofsilta/racesel",
	"criteria": {
		"corrupt": {
			"trigger": "minecraft:tick",
			"conditions": {
				"player": [
					{
						"condition": "minecraft:any_of",
						"terms": [
							{
								"condition": "minecraft:entity_properties",
								"entity": "this",
								"predicate": {
									"nbt": "{Tags:[\"therwin\"]}"
								}
							},
							{
								"condition": "minecraft:entity_properties",
								"entity": "this",
								"predicate": {
									"nbt": "{Tags:[\"cerglan\"]}"
								}
							},
							{
								"condition": "minecraft:entity_properties",
								"entity": "this",
								"predicate": {
									"nbt": "{Tags:[\"skulkin\"]}"
								}
							},
							{
								"condition": "minecraft:entity_properties",
								"entity": "this",
								"predicate": {
									"nbt": "{Tags:[\"chorusian\"]}"
								}
							}
						]
					}
				]
			}
		}
	}
}
