{
	"display": {
		"icon": {
			"id": "minecraft:anvil"
		},
		"title": "Bonking stick",
		"description": "Enchant a staff",
		"frame": "task",
		"show_toast": true,
		"announce_to_chat": true,
		"hidden": false
	},
	"parent": "first:talesofsilta/wizing",
	"criteria": {
		"requirement": {
			"trigger": "minecraft:tick",
			"conditions": {
				"player": [
					{
						"condition": "minecraft:any_of",
						"terms": [
							{
								"condition": "minecraft:entity_properties",
								"entity": "this",
								"predicate": {
									"equipment": {
										"mainhand": {
											"items": "minecraft:warped_fungus_on_a_stick",
											"components": {
												"minecraft:enchantments": {
													"first:shielding": 1
												},
												"minecraft:custom_data": "{Wand:1}"
											}
										}
									}
								}
							},
							{
								"condition": "minecraft:entity_properties",
								"entity": "this",
								"predicate": {
									"equipment": {
										"mainhand": {
											"items": "minecraft:warped_fungus_on_a_stick",
											"components": {
												"minecraft:enchantments": {
													"first:bonking": 1
												},
												"minecraft:custom_data": "{Wand:1}"
											}
										}
									}
								}
							},{
								"condition": "minecraft:entity_properties",
								"entity": "this",
								"predicate": {
									"equipment": {
										"mainhand": {
											"items": "minecraft:warped_fungus_on_a_stick",
											"components": {
												"minecraft:enchantments": {
													"first:flash": 1
												},
												"minecraft:custom_data": "{Wand:1}"
											}
										}
									}
								}
							},
														{
								"condition": "minecraft:entity_properties",
								"entity": "this",
								"predicate": {
									"equipment": {
										"mainhand": {
											"items": "minecraft:warped_fungus_on_a_stick",
											"components": {
												"minecraft:enchantments": {
													"first:munching": 1
												},
												"minecraft:custom_data": "{Wand:1}"
											}
										}
									}
								}
							},
							{
								"condition": "minecraft:entity_properties",
								"entity": "this",
								"predicate": {
									"equipment": {
										"mainhand": {
											"items": "minecraft:warped_fungus_on_a_stick",
											"components": {
												"minecraft:enchantments": {
													"first:reach": 1
												},
												"minecraft:custom_data": "{Wand:1}"
											}
										}
									}
								}
							},
							{
								"condition": "minecraft:entity_properties",
								"entity": "this",
								"predicate": {
									"equipment": {
										"mainhand": {
											"items": "minecraft:warped_fungus_on_a_stick",
											"components": {
												"minecraft:enchantments": {
													"first:spark": 1
												},
												"minecraft:custom_data": "{Wand:1}"
											}
										}
									}
								}
							}
						]
					}
				]
			}
		}
	}
}
