{
	"display": {
		"icon": {
			"id": "minecraft:end_stone"
		},
		"title": "Leap of faith",
		"description": "Don't try this at home",
		"frame": "goal",
		"show_toast": true,
		"announce_to_chat": true,
		"hidden": false
	},
	"parent": "first:talesofsilta/killforger",
	"criteria": {
		"requirement": {
			"trigger": "minecraft:tick",
			"conditions": {
				"player": [
					{
						"condition": "minecraft:entity_properties",
						"entity": "this",
						"predicate": {
							"location": {
								"dimension": "second:limbo"
							}
						}
					}
				]
			}
		}
	}
}
