{
	"display": {
		"icon": {
			"id": "minecraft:dragon_head"
		},
		"title": "Is this enough?",
		"description": "Unlock 10 spells",
		"frame": "goal",
		"show_toast": true,
		"announce_to_chat": true,
		"hidden": false
	},
	"parent": "first:talesofsilta/leapoffaith",
	"criteria": {
		"requirement": {
			"trigger": "minecraft:tick",
			"conditions": {
				"player": [
					{
						"condition": "minecraft:entity_scores",
						"entity": "this",
						"scores": {
							"Mlvl": {
								"min": 10,
								"max": 10000
							}
						}
					}
				]
			}
		}
	}
}
