{
	"display": {
		"icon": {
			"id": "minecraft:light"
		},
		"title": "Unlimited Power!",
		"description": "Get at least 100 Ustra, somehow...",
		"frame": "challenge",
		"show_toast": true,
		"announce_to_chat": true,
		"hidden": true
	},
	"parent": "first:talesofsilta/wizing",
	"criteria": {
		"requirement": {
			"trigger": "minecraft:tick",
			"conditions": {
				"player": [
					{
						"condition": "minecraft:entity_scores",
						"entity": "this",
						"scores": {
							"mana": {
								"min": 100,
								"max": 10000
							}
						}
					}
				]
			}
		}
	}
}
