{
	"display": {
		"icon": {
			"id": "minecraft:totem_of_undying"
		},
		"title": "Witch hunter",
		"description": "Kill a magik",
		"frame": "challenge",
		"show_toast": true,
		"announce_to_chat": true,
		"hidden": true
	},
	"parent": "first:talesofsilta/racesel",
	"criteria": {
		"kill": {
			"trigger": "minecraft:player_killed_entity",
			"conditions": {
				"entity": [
					{
						"condition": "minecraft:entity_properties",
						"entity": "this",
						"predicate": {
							"type": "minecraft:player",
							"nbt": "{Tags:[\"magik\"]}"
						}
					}
				]
			}
		}
	}
}
