{
	"temperature": 2,
	"downfall": 0.2,
	"has_precipitation": false,
	"temperature_modifier": "none",
	"effects": {
		"sky_color": 6118749,
		"fog_color": 16315584,
		"water_color": 1575434,
		"water_fog_color": 0,
		"grass_color": 6816258,
		"foliage_color": 7156486,
		"grass_color_modifier": "none",
		"mood_sound": {
			"sound": "minecraft:ambient.cave",
			"tick_delay": 10000,
			"block_search_extent": 50,
			"offset": 0.12
		},
		"music": {
			"sound": "minecraft:music_disc.13",
			"min_delay": 100000,
			"max_delay": 1000000000,
			"replace_current_music": true
		},
		"particle": {
			"options": {
				"type": "minecraft:ash"
			},
			"probability": 0.1
		}
	},
	"spawners": {
		"ambient": [
			{
				"type": "minecraft:bat",
				"weight": 10,
				"minCount": 8,
				"maxCount": 8
			}
		],
		"axolotls": [],
		"creature": [],
		"misc": [],
		"monster": [
			{
				"type": "minecraft:wither_skeleton",
				"weight": 50,
				"minCount": 1,
				"maxCount": 3
			},
			{
				"type": "minecraft:spider",
				"weight": 100,
				"minCount": 4,
				"maxCount": 4
			},
			{
				"type": "minecraft:zombie",
				"weight": 95,
				"minCount": 4,
				"maxCount": 4
			},
			{
				"type": "minecraft:zombie_villager",
				"weight": 5,
				"minCount": 1,
				"maxCount": 1
			},
			{
				"type": "minecraft:skeleton",
				"weight": 110,
				"minCount": 4,
				"maxCount": 4
			},
			{
				"type": "minecraft:creeper",
				"weight": 100,
				"minCount": 4,
				"maxCount": 4
			},
			{
				"type": "minecraft:slime",
				"weight": 100,
				"minCount": 4,
				"maxCount": 4
			},
			{
				"type": "minecraft:enderman",
				"weight": 10,
				"minCount": 1,
				"maxCount": 4
			},
			{
				"type": "minecraft:witch",
				"weight": 5,
				"minCount": 1,
				"maxCount": 1
			}
		],
		"water_ambient": [],
		"water_creature": []
	},
	"spawn_costs": {},
	"carvers": {
		"air": [
			"minecraft:cave",
			"minecraft:canyon"
		]
	},
	"features": [
		[],
		[
			"minecraft:lake_lava_underground",
			"minecraft:lake_lava_surface"
		],
		[
			"minecraft:amethyst_geode"
		],
		[
			"minecraft:monster_room",
			"minecraft:monster_room_deep"
		],
		[],
		[],
		[
			"minecraft:ore_blackstone"
		],
		[],
		[
			"minecraft:spring_lava"
		],
		[
			"minecraft:glow_lichen",
			"minecraft:brown_mushroom_normal",
			"minecraft:red_mushroom_normal",
			"second:dead_tree",
			"second:cobble_blob"
		],
		[]
	]
}
