{
  "parent": "minecraft:item/handheld_rod",
  "textures": {
    "layer0": "minecraft:item/warped_fungus_on_a_stick"
  },
  "overrides": [
    {
      "predicate": {
        "custom_model_data": 66601
      },
      "model": "minecraft:custom/wand_eme"
    },
    {
      "predicate": {
        "custom_model_data": 66602
      },
      "model": "minecraft:custom/wand_lapis"
    },
    {
      "predicate": {
        "custom_model_data": 66603
      },
      "model": "minecraft:custom/wand_quartz"
    },
    {
      "predicate": {
        "custom_model_data": 66604
      },
      "model": "minecraft:custom/wand_cha"
    }
  ]
}
