{
	"type": "minecraft:block",
	"pools": [
		{
			"rolls": {
				"min": 2,
				"max": 5
			},
			"entries": [
				{
					"type": "minecraft:item",
					"name": "minecraft:quartz",
					"weight": 20,
					"functions": [
						{
							"function": "minecraft:set_name",
							"entity": "this",
							"name": {
								"text": "Magical Quartz",
								"italic": false
							}
						},
						{
							"function": "minecraft:set_custom_data",
							"tag": "{MagicGem:1,Enchantments:[{}]}"
						},
						{
							"function": "minecraft:set_components",
							"components": {
								"minecraft:enchantment_glint_override": true
							}
						}
					],
					"conditions": [
						{
							"condition": "minecraft:inverted",
							"term": {
								"condition": "minecraft:match_tool",
								"predicate": {
									"predicates": {
										"minecraft:enchantments": [
											{
												"enchantment": "minecraft:silk_touch"
											}
										]
									}
								}
							}
						}
					]
				},
				{
					"type": "minecraft:item",
					"name": "minecraft:quartz",
					"weight": 15,
					"functions": [
						{
							"function": "minecraft:set_name",
							"entity": "this",
							"name": {
								"text": "Magical Quartz",
								"italic": false
							}
						},
						{
							"function": "minecraft:set_custom_data",
							"tag": "{MagicGem:2,Enchantments:[{}]}"
						},
						{
							"function": "minecraft:set_components",
							"components": {
								"minecraft:enchantment_glint_override": true
							}
						}
					],
					"conditions": [
						{
							"condition": "minecraft:inverted",
							"term": {
								"condition": "minecraft:match_tool",
								"predicate": {
									"predicates": {
										"minecraft:enchantments": [
											{
												"enchantment": "minecraft:silk_touch"
											}
										]
									}
								}
							}
						}
					]
				},
				{
					"type": "minecraft:item",
					"name": "minecraft:quartz",
					"weight": 10,
					"functions": [
						{
							"function": "minecraft:set_name",
							"entity": "this",
							"name": {
								"text": "Magical Quartz",
								"italic": false
							}
						},
						{
							"function": "minecraft:set_custom_data",
							"tag": "{MagicGem:3,Enchantments:[{}]}"
						},
						{
							"function": "minecraft:set_components",
							"components": {
								"minecraft:enchantment_glint_override": true
							}
						}
					],
					"conditions": [
						{
							"condition": "minecraft:inverted",
							"term": {
								"condition": "minecraft:match_tool",
								"predicate": {
									"predicates": {
										"minecraft:enchantments": [
											{
												"enchantment": "minecraft:silk_touch"
											}
										]
									}
								}
							}
						}
					]
				},
				{
					"type": "minecraft:item",
					"name": "minecraft:quartz",
					"weight": 5,
					"functions": [
						{
							"function": "minecraft:set_components",
							"components": {
								"minecraft:enchantment_glint_override": true
							}
						},
						{
							"function": "minecraft:set_name",
							"entity": "this",
							"name": {
								"text": "Magical Quartz",
								"italic": false
							}
						},
						{
							"function": "minecraft:set_custom_data",
							"tag": "{MagicGem:4,Enchantments:[{}]}"
						}
					],
					"conditions": [
						{
							"condition": "minecraft:inverted",
							"term": {
								"condition": "minecraft:match_tool",
								"predicate": {
									"predicates": {
										"minecraft:enchantments": [
											{
												"enchantment": "minecraft:silk_touch"
											}
										]
									}
								}
							}
						}
					]
				},
				{
					"type": "minecraft:item",
					"name": "minecraft:quartz",
					"weight": 1,
					"functions": [
						{
							"function": "minecraft:set_components",
							"components": {
								"minecraft:enchantment_glint_override": true
							}
						},
						{
							"function": "minecraft:set_name",
							"entity": "this",
							"name": {
								"text": "Perfect Magical Quartz",
								"color": "aqua",
								"italic": false
							}
						},
						{
							"function": "minecraft:set_custom_data",
							"tag": "{MagicGem:5,Enchantments:[{}]}"
						}
					],
					"conditions": [
						{
							"condition": "minecraft:inverted",
							"term": {
								"condition": "minecraft:match_tool",
								"predicate": {
									"predicates": {
										"minecraft:enchantments": [
											{
												"enchantment": "minecraft:silk_touch"
											}
										]
									}
								}
							}
						}
					]
				},
				{
					"type": "minecraft:item",
					"name": "minecraft:quartz",
					"weight": 90,
					"quality": 2,
					"conditions": [
						{
							"condition": "minecraft:inverted",
							"term": {
								"condition": "minecraft:match_tool",
								"predicate": {
									"predicates": {
										"minecraft:enchantments": [
											{
												"enchantment": "minecraft:silk_touch"
											}
										]
									}
								}
							}
						}
					]
				},
				{
					"type": "minecraft:alternatives",
					"children": [
						{
							"type": "minecraft:item",
							"name": "minecraft:nether_quartz_ore",
							"conditions": [
								{
									"condition": "minecraft:match_tool",
									"predicate": {
										"predicates": {
											"minecraft:enchantments": [
												{
													"enchantment": "minecraft:silk_touch"
												}
											]
										}
									}
								}
							]
						}
					]
				}
			]
		}
	],
	"functions": [
		{
			"function": "minecraft:apply_bonus",
			"enchantment": "minecraft:fortune",
			"formula": "minecraft:ore_drops"
		}
	]
}
