{
  "parent": "minecraft:item/handheld",
  "textures": {
    "layer0": "minecraft:item/snowball"
  },
  "overrides": [
    {
      "predicate": {
        "custom_model_data": 22201
      },
      "model": "minecraft:custom/manascroll"
    },
    {
      "predicate": {
        "custom_model_data": 22202
      },
      "model": "minecraft:custom/arrowscroll"
    },
    {
      "predicate": {
        "custom_model_data": 22203
      },
      "model": "minecraft:custom/rainscroll"
    },
    {
      "predicate": {
        "custom_model_data": 22204
      },
      "model": "minecraft:custom/motscroll"
    },
    {
      "predicate": {
        "custom_model_data": 22205
      },
      "model": "minecraft:custom/cleanscroll"
    }
  ]
}
