{
	"condition": "minecraft:all_of",
	"terms": [
		{
			"condition": "minecraft:entity_properties",
			"entity": "this",
			"predicate": {
				"location": {
					"dimension": "minecraft:overworld"
				}
			}
		},
		{
			"condition": "minecraft:inverted",
			"term": {
				"condition": "minecraft:entity_properties",
				"entity": "this",
				"predicate": {
					"location": {
						"biomes": "#minecraft:spawns_warm_variant_frogs"
					}
				}
			}
		},
		{
			"condition": "minecraft:reference",
			"name": "first:rain"
		},
		{
			"condition": "minecraft:reference",
			"name": "first:check_sky"
		}
		
	]
}
