{
	"type": "minecraft:chest",
	"pools": [
		{
			"rolls": {
				"type": "minecraft:uniform",
				"min": 2,
				"max": 10
			},
			"bonus_rolls": 0,
			"entries": [
				{
					"type": "minecraft:item",
					"name": "minecraft:book",
					"weight": 20,
					"functions": [
						{
							"function": "minecraft:set_count",
							"count": {
								"type": "minecraft:uniform",
								"min": 2,
								"max": 3
							},
							"add": false
						}
					]
				},
				{
					"type": "minecraft:item",
					"name": "minecraft:paper",
					"weight": 20,
					"functions": [
						{
							"function": "minecraft:set_count",
							"count": {
								"type": "minecraft:uniform",
								"min": 2,
								"max": 7
							},
							"add": false
						}
					]
				},
				{
					"type": "minecraft:item",
					"name": "minecraft:map"
				},
				{
					"type": "minecraft:item",
					"name": "minecraft:compass"
				},
				{
					"type": "minecraft:item",
					"name": "minecraft:book",
					"weight": 10,
					"functions": [
						{
							"function": "minecraft:enchant_with_levels",
							"levels": 30,
							"treasure": true
						}
					]
				}
			]
		},
		{
			"rolls": 1,
			"bonus_rolls": 0,
			"entries": [
				{
					"type": "minecraft:item",
					"name": "minecraft:snowball",
					"functions": [
						{
							"function": "minecraft:set_custom_model_data",
							"value": 22203
						},
						{
							"function": "minecraft:set_custom_data",
							"tag": "{rainStone:1}"
						},
						{
							"function": "minecraft:set_name",
							"name": {
								"text": "Scroll of Thunder",
								"color": "yellow",
								"italic": false
							}
						}
					]
				},
				{
					"type": "minecraft:item",
					"name": "minecraft:snowball",
					"functions": [
						{
							"function": "minecraft:set_custom_model_data",
							"value": 22205
						},
						{
							"function": "minecraft:set_custom_data",
							"tag": "{cleanseScroll:1}"
						},
						{
							"function": "minecraft:set_name",
							"name": {
								"text": "Scroll of Cleansing",
								"italic": false
							}
						}
					]
				},
				{
					"type": "minecraft:item",
					"name": "minecraft:glow_ink_sac",
					"functions": [
						{
							"function": "minecraft:set_count",
							"count": {
								"min": 1,
								"max": 5
							}
						}
					]
				}
			]
		}
	]
}
