{
	"pools": [
		{
			"rolls": 1,
			"entries": [
				{
					"type": "minecraft:item",
					"name": "minecraft:player_head",
					"functions": [
						{
							"function": "minecraft:set_name",
							"entity": "this",
							"name": {
								"text": "Purified cube",
								"color": "yellow",
                                "italic": false
							}
						},
						{
							"function": "minecraft:set_components",
							"components": {
								"minecraft:custom_data": "{clean:1}",
								"minecraft:profile": {
									"properties": [
										{
											"name": "textures",
											"value": "eyJ0ZXh0dXJlcyI6eyJTS0lOIjp7InVybCI6Imh0dHA6Ly90ZXh0dXJlcy5taW5lY3JhZnQubmV0L3RleHR1cmUvMjJlNmZiOTk2ZjgzODkzM2U5OGNjMTliZWQ3ZTM4YzQ5NGFiN2IxOTQyZTRmNjRkYzlkNTRmNGMzZmFhMTYzMSJ9fX0="
										}
									]
								}
							}
						}
					]
				}
			]
		}
	]
}
