{
	"pools": [
		{
			"rolls": 1,
			"entries": [
				{
					"type": "minecraft:item",
					"name": "minecraft:carrot_on_a_stick",
					"functions": [
						{
							"function": "minecraft:set_name",
							"entity": "this",
							"name": {
								"text": "Cube of Evil",
								"color": "dark_red",
								"italic": false
							}
						},
						{
							"function": "minecraft:set_enchantments",
							"enchantments": {
								"minecraft:vanishing_curse": 1
							},
							"add": true
						},
						{
							"function": "minecraft:set_components",
							"components": {
								"minecraft:custom_data": "{Cube:1}",
								"minecraft:custom_model_data": 88801,
								"minecraft:unbreakable": {
									"show_in_tooltip": true
								}
							}
						}
					]
				}
			]
		}
	]
}
