{
	"credit": "Made with Blockbench, by FrantisekV8",
	"textures": {
		"0": "item/dbm_sword1",
		"1": "item/dbm_sword",
		"particle": "item/dbm_sword1"
	},
	"elements": [
		{
			"from": [3, 3, 0],
			"to": [5, 5, 1],
			"faces": {
				"north": {"uv": [3, 6, 4, 7], "texture": "#0"},
				"east": {"uv": [9, 2, 9.5, 3], "texture": "#0"},
				"south": {"uv": [6, 3, 7, 4], "texture": "#0"},
				"west": {"uv": [2.5, 9, 3, 10], "texture": "#0"},
				"up": {"uv": [10, 3.5, 9, 3], "texture": "#0"},
				"down": {"uv": [4.5, 9, 3.5, 9.5], "texture": "#0"}
			}
		},
		{
			"from": [4, 4, 0],
			"to": [6, 6, 1],
			"faces": {
				"north": {"uv": [4, 6, 5, 7], "texture": "#0"},
				"east": {"uv": [4.5, 9, 5, 10], "texture": "#0"},
				"south": {"uv": [6, 4, 7, 5], "texture": "#0"},
				"west": {"uv": [5, 9, 5.5, 10], "texture": "#0"},
				"up": {"uv": [6.5, 9.5, 5.5, 9], "texture": "#0"},
				"down": {"uv": [10, 5.5, 9, 6], "texture": "#0"}
			}
		},
		{
			"from": [6, 6, 0],
			"to": [9, 9, 1],
			"faces": {
				"north": {"uv": [0, 0, 1.5, 1.5], "texture": "#0"},
				"east": {"uv": [5, 6, 5.5, 7.5], "texture": "#0"},
				"south": {"uv": [0, 1.5, 1.5, 3], "texture": "#0"},
				"west": {"uv": [6, 5, 6.5, 6.5], "texture": "#0"},
				"up": {"uv": [8, 5.5, 6.5, 5], "texture": "#0"},
				"down": {"uv": [7, 6.5, 5.5, 7], "texture": "#0"}
			}
		},
		{
			"from": [7, 7, 0],
			"to": [10, 10, 1],
			"faces": {
				"north": {"uv": [1.5, 0, 3, 1.5], "texture": "#0"},
				"east": {"uv": [0, 7, 0.5, 8.5], "texture": "#0"},
				"south": {"uv": [1.5, 1.5, 3, 3], "texture": "#0"},
				"west": {"uv": [7, 0, 7.5, 1.5], "texture": "#0"},
				"up": {"uv": [8, 6, 6.5, 5.5], "texture": "#0"},
				"down": {"uv": [8, 6, 6.5, 6.5], "texture": "#0"}
			}
		},
		{
			"from": [8, 8, 0],
			"to": [11, 11, 1],
			"faces": {
				"north": {"uv": [0, 3, 1.5, 4.5], "texture": "#0"},
				"east": {"uv": [0.5, 7, 1, 8.5], "texture": "#0"},
				"south": {"uv": [3, 0, 4.5, 1.5], "texture": "#0"},
				"west": {"uv": [1, 7, 1.5, 8.5], "texture": "#0"},
				"up": {"uv": [3, 7.5, 1.5, 7], "texture": "#0"},
				"down": {"uv": [8.5, 1.5, 7, 2], "texture": "#0"}
			}
		},
		{
			"from": [9, 9, 0],
			"to": [12, 12, 1],
			"faces": {
				"north": {"uv": [1.5, 3, 3, 4.5], "texture": "#0"},
				"east": {"uv": [7, 2, 7.5, 3.5], "texture": "#0"},
				"south": {"uv": [3, 1.5, 4.5, 3], "texture": "#0"},
				"west": {"uv": [3, 7, 3.5, 8.5], "texture": "#0"},
				"up": {"uv": [5, 7.5, 3.5, 7], "texture": "#0"},
				"down": {"uv": [8.5, 3.5, 7, 4], "texture": "#0"}
			}
		},
		{
			"from": [10, 10, 0],
			"to": [13, 13, 1],
			"faces": {
				"north": {"uv": [3, 3, 4.5, 4.5], "texture": "#0"},
				"east": {"uv": [5.5, 7, 6, 8.5], "texture": "#0"},
				"south": {"uv": [0, 4.5, 1.5, 6], "texture": "#0"},
				"west": {"uv": [6, 7, 6.5, 8.5], "texture": "#0"},
				"up": {"uv": [8.5, 4.5, 7, 4], "texture": "#0"},
				"down": {"uv": [8.5, 4.5, 7, 5], "texture": "#0"}
			}
		},
		{
			"from": [11, 11, 0],
			"to": [14, 14, 1],
			"faces": {
				"north": {"uv": [4.5, 0, 6, 1.5], "texture": "#0"},
				"east": {"uv": [6.5, 7, 7, 8.5], "texture": "#0"},
				"south": {"uv": [1.5, 4.5, 3, 6], "texture": "#0"},
				"west": {"uv": [7, 6.5, 7.5, 8], "texture": "#0"},
				"up": {"uv": [9, 0.5, 7.5, 0], "texture": "#0"},
				"down": {"uv": [9, 0.5, 7.5, 1], "texture": "#0"}
			}
		},
		{
			"from": [15, 15, 0],
			"to": [18, 18, 1],
			"faces": {
				"north": {"uv": [4.5, 1.5, 6, 3], "texture": "#0"},
				"east": {"uv": [1.5, 7.5, 2, 9], "texture": "#0"},
				"south": {"uv": [3, 4.5, 4.5, 6], "texture": "#0"},
				"west": {"uv": [2, 7.5, 2.5, 9], "texture": "#0"},
				"up": {"uv": [9, 1.5, 7.5, 1], "texture": "#0"},
				"down": {"uv": [9, 2, 7.5, 2.5], "texture": "#0"}
			}
		},
		{
			"from": [12, 12, 0],
			"to": [15, 15, 1],
			"faces": {
				"north": {"uv": [4.5, 3, 6, 4.5], "texture": "#0"},
				"east": {"uv": [2.5, 7.5, 3, 9], "texture": "#0"},
				"south": {"uv": [4.5, 4.5, 6, 6], "texture": "#0"},
				"west": {"uv": [3.5, 7.5, 4, 9], "texture": "#0"},
				"up": {"uv": [9, 3, 7.5, 2.5], "texture": "#0"},
				"down": {"uv": [9, 3, 7.5, 3.5], "texture": "#0"}
			}
		},
		{
			"from": [13, 13, 0],
			"to": [16, 16, 1],
			"faces": {
				"north": {"uv": [4.5, 3, 6, 4.5], "texture": "#0"},
				"east": {"uv": [2.5, 7.5, 3, 9], "texture": "#0"},
				"south": {"uv": [4.5, 4.5, 6, 6], "texture": "#0"},
				"west": {"uv": [3.5, 7.5, 4, 9], "texture": "#0"},
				"up": {"uv": [9, 3, 7.5, 2.5], "texture": "#0"},
				"down": {"uv": [9, 3, 7.5, 3.5], "texture": "#0"}
			}
		},
		{
			"from": [14, 14, 0],
			"to": [17, 17, 1],
			"faces": {
				"north": {"uv": [4.5, 3, 6, 4.5], "texture": "#0"},
				"east": {"uv": [2.5, 7.5, 3, 9], "texture": "#0"},
				"south": {"uv": [4.5, 4.5, 6, 6], "texture": "#0"},
				"west": {"uv": [3.5, 7.5, 4, 9], "texture": "#0"},
				"up": {"uv": [9, 3, 7.5, 2.5], "texture": "#0"},
				"down": {"uv": [9, 3, 7.5, 3.5], "texture": "#0"}
			}
		},
		{
			"from": [5, 6, 0],
			"to": [6, 9, 1],
			"faces": {
				"north": {"uv": [4, 7.5, 4.5, 9], "texture": "#0"},
				"east": {"uv": [4.5, 7.5, 5, 9], "texture": "#0"},
				"south": {"uv": [5, 7.5, 5.5, 9], "texture": "#0"},
				"west": {"uv": [7.5, 6.5, 8, 8], "texture": "#0"},
				"up": {"uv": [6, 6.5, 5.5, 6], "texture": "#0"},
				"down": {"uv": [9.5, 6, 9, 6.5], "texture": "#0"}
			}
		},
		{
			"from": [4, 7, 0],
			"to": [5, 10, 1],
			"faces": {
				"north": {"uv": [8, 5, 8.5, 6.5], "texture": "#0"},
				"east": {"uv": [8, 6.5, 8.5, 8], "texture": "#0"},
				"south": {"uv": [7, 8, 7.5, 9.5], "texture": "#0"},
				"west": {"uv": [7.5, 8, 8, 9.5], "texture": "#0"},
				"up": {"uv": [7, 9.5, 6.5, 9], "texture": "#0"},
				"down": {"uv": [9.5, 8.5, 9, 9], "texture": "#0"}
			}
		},
		{
			"from": [6, 5, 0],
			"to": [9, 6, 1],
			"faces": {
				"north": {"uv": [8, 8, 9.5, 8.5], "texture": "#0"},
				"east": {"uv": [9, 9, 9.5, 9.5], "texture": "#0"},
				"south": {"uv": [0, 8.5, 1.5, 9], "texture": "#0"},
				"west": {"uv": [0, 9.5, 0.5, 10], "texture": "#0"},
				"up": {"uv": [10, 2, 8.5, 1.5], "texture": "#0"},
				"down": {"uv": [10, 3.5, 8.5, 4], "texture": "#0"}
			}
		},
		{
			"from": [7, 4, 0],
			"to": [10, 5, 1],
			"faces": {
				"north": {"uv": [8.5, 4, 10, 4.5], "texture": "#0"},
				"east": {"uv": [9.5, 0, 10, 0.5], "texture": "#0"},
				"south": {"uv": [8.5, 4.5, 10, 5], "texture": "#0"},
				"west": {"uv": [0.5, 9.5, 1, 10], "texture": "#0"},
				"up": {"uv": [10, 5.5, 8.5, 5], "texture": "#0"},
				"down": {"uv": [7, 8.5, 5.5, 9], "texture": "#0"}
			}
		},
		{
			"from": [1, 1, 0],
			"to": [4, 4, 1],
			"faces": {
				"north": {"uv": [0, 0, 3, 3], "texture": "#1"},
				"east": {"uv": [3, 0, 4, 3], "texture": "#1"},
				"south": {"uv": [0, 3, 3, 6], "texture": "#1"},
				"west": {"uv": [3, 3, 4, 6], "texture": "#1"},
				"up": {"uv": [7, 1, 4, 0], "texture": "#1"},
				"down": {"uv": [7, 1, 4, 2], "texture": "#1"}
			}
		}
	],
	"gui_light": "front",
	"display": {
		"thirdperson_righthand": {
			"rotation": [-134.5, -80, -90.35],
			"translation": [-7.75, 3.75, 1]
		},
		"thirdperson_lefthand": {
			"rotation": [-51.15, 88.81, 10.54],
			"translation": [7.25, 3.5, 1.5]
		},
		"firstperson_righthand": {
			"rotation": [0.22, -76.31, 24.09],
			"translation": [-3.75, 2, 0],
			"scale": [0.8, 0.8, 0.8]
		},
		"firstperson_lefthand": {
			"rotation": [27.25, -77.81, -41.17],
			"translation": [-6.75, 2.25, 2],
			"scale": [0.8, 0.8, 0.8]
		},
		"ground": {
			"translation": [0, 0, 3.5],
			"scale": [0.6, 0.6, 0.6]
		},
		"gui": {
			"rotation": [0, 0, -3],
			"translation": [-0.75, -0.5, 1],
			"scale": [0.8, 0.8, 0.8]
		},
		"head": {
			"rotation": [122.15, 88.83, 15.28],
			"translation": [7.25, 0, -16.75]
		},
		"fixed": {
			"translation": [-1.25, -1.5, 7]
		}
	}
}