{
	"credit": "Made with Blockbench, by FrantisekV8",
	"textures": {
		"1": "item/texture",
		"2": "item/eme",
		"3": "item/eme2",
		"4": "item/eme3",
		"particle": "item/wand_eme"
	},
	"elements": [
		{
			"from": [11, 0, 3],
			"to": [13, 1, 5],
			"rotation": {"angle": 0, "axis": "z", "origin": [-8, 16, 8]},
			"faces": {
				"north": {"uv": [2, 2, 3, 4], "rotation": 90, "texture": "#1"},
				"east": {"uv": [5, 1, 3, 2], "rotation": 180, "texture": "#1"},
				"south": {"uv": [2, 0, 3, 2], "rotation": 270, "texture": "#1"},
				"west": {"uv": [5, 1, 3, 0], "texture": "#1"},
				"up": {"uv": [0, 0, 2, 2], "rotation": 270, "texture": "#1"},
				"down": {"uv": [0, 2, 2, 4], "rotation": 270, "texture": "#1"}
			}
		},
		{
			"from": [12, 0, 2],
			"to": [14, 1, 4],
			"rotation": {"angle": 0, "axis": "z", "origin": [-8, 16, 8]},
			"faces": {
				"north": {"uv": [2, 2, 3, 4], "rotation": 90, "texture": "#1"},
				"east": {"uv": [5, 1, 3, 2], "rotation": 180, "texture": "#1"},
				"south": {"uv": [2, 0, 3, 2], "rotation": 270, "texture": "#1"},
				"west": {"uv": [5, 1, 3, 0], "texture": "#1"},
				"up": {"uv": [0, 0, 2, 2], "rotation": 270, "texture": "#1"},
				"down": {"uv": [0, 2, 2, 4], "rotation": 270, "texture": "#1"}
			}
		},
		{
			"from": [13, 0, 1],
			"to": [15, 1, 3],
			"rotation": {"angle": 0, "axis": "z", "origin": [-8, 16, 8]},
			"faces": {
				"north": {"uv": [2, 2, 3, 4], "rotation": 90, "texture": "#1"},
				"east": {"uv": [5, 1, 3, 2], "rotation": 180, "texture": "#1"},
				"south": {"uv": [2, 0, 3, 2], "rotation": 270, "texture": "#1"},
				"west": {"uv": [5, 1, 3, 0], "texture": "#1"},
				"up": {"uv": [0, 0, 2, 2], "rotation": 270, "texture": "#1"},
				"down": {"uv": [0, 2, 2, 4], "rotation": 270, "texture": "#1"}
			}
		},
		{
			"from": [10, 0, 4],
			"to": [12, 1, 6],
			"rotation": {"angle": 0, "axis": "z", "origin": [-8, 16, 8]},
			"faces": {
				"north": {"uv": [2, 2, 3, 4], "rotation": 90, "texture": "#1"},
				"east": {"uv": [5, 1, 3, 2], "rotation": 180, "texture": "#1"},
				"south": {"uv": [2, 0, 3, 2], "rotation": 270, "texture": "#1"},
				"west": {"uv": [5, 1, 3, 0], "texture": "#1"},
				"up": {"uv": [0, 0, 2, 2], "rotation": 270, "texture": "#1"},
				"down": {"uv": [0, 2, 2, 4], "rotation": 270, "texture": "#1"}
			}
		},
		{
			"from": [9, 0, 5],
			"to": [11, 1, 7],
			"rotation": {"angle": 0, "axis": "z", "origin": [-8, 16, 8]},
			"faces": {
				"north": {"uv": [2, 2, 3, 4], "rotation": 90, "texture": "#1"},
				"east": {"uv": [5, 1, 3, 2], "rotation": 180, "texture": "#1"},
				"south": {"uv": [2, 0, 3, 2], "rotation": 270, "texture": "#1"},
				"west": {"uv": [5, 1, 3, 0], "texture": "#1"},
				"up": {"uv": [0, 0, 2, 2], "rotation": 270, "texture": "#1"},
				"down": {"uv": [0, 2, 2, 4], "rotation": 270, "texture": "#1"}
			}
		},
		{
			"from": [8, 0, 6],
			"to": [10, 1, 8],
			"rotation": {"angle": 0, "axis": "z", "origin": [-8, 16, 8]},
			"faces": {
				"north": {"uv": [2, 2, 3, 4], "rotation": 90, "texture": "#1"},
				"east": {"uv": [5, 1, 3, 2], "rotation": 180, "texture": "#1"},
				"south": {"uv": [2, 0, 3, 2], "rotation": 270, "texture": "#1"},
				"west": {"uv": [5, 1, 3, 0], "texture": "#1"},
				"up": {"uv": [0, 0, 2, 2], "rotation": 270, "texture": "#1"},
				"down": {"uv": [0, 2, 2, 4], "rotation": 270, "texture": "#1"}
			}
		},
		{
			"from": [7, 0, 7],
			"to": [9, 1, 9],
			"rotation": {"angle": 0, "axis": "z", "origin": [-8, 16, 8]},
			"faces": {
				"north": {"uv": [2, 2, 3, 4], "rotation": 90, "texture": "#1"},
				"east": {"uv": [5, 1, 3, 2], "rotation": 180, "texture": "#1"},
				"south": {"uv": [2, 0, 3, 2], "rotation": 270, "texture": "#1"},
				"west": {"uv": [5, 1, 3, 0], "texture": "#1"},
				"up": {"uv": [0, 0, 2, 2], "rotation": 270, "texture": "#1"},
				"down": {"uv": [0, 2, 2, 4], "rotation": 270, "texture": "#1"}
			}
		},
		{
			"from": [6, 0, 8],
			"to": [8, 1, 10],
			"rotation": {"angle": 0, "axis": "z", "origin": [-8, 16, 8]},
			"faces": {
				"north": {"uv": [2, 2, 3, 4], "rotation": 90, "texture": "#1"},
				"east": {"uv": [5, 1, 3, 2], "rotation": 180, "texture": "#1"},
				"south": {"uv": [2, 0, 3, 2], "rotation": 270, "texture": "#1"},
				"west": {"uv": [5, 1, 3, 0], "texture": "#1"},
				"up": {"uv": [0, 0, 2, 2], "rotation": 270, "texture": "#1"},
				"down": {"uv": [0, 2, 2, 4], "rotation": 270, "texture": "#1"}
			}
		},
		{
			"from": [5, 0, 9],
			"to": [7, 1, 11],
			"rotation": {"angle": 0, "axis": "z", "origin": [-8, 16, 8]},
			"faces": {
				"north": {"uv": [2, 2, 3, 4], "rotation": 90, "texture": "#1"},
				"east": {"uv": [5, 1, 3, 2], "rotation": 180, "texture": "#1"},
				"south": {"uv": [2, 0, 3, 2], "rotation": 270, "texture": "#1"},
				"west": {"uv": [5, 1, 3, 0], "texture": "#1"},
				"up": {"uv": [0, 0, 2, 2], "rotation": 270, "texture": "#1"},
				"down": {"uv": [0, 2, 2, 4], "rotation": 270, "texture": "#1"}
			}
		},
		{
			"from": [4, 0, 10],
			"to": [6, 1, 12],
			"rotation": {"angle": 0, "axis": "z", "origin": [-8, 16, 8]},
			"faces": {
				"north": {"uv": [2, 2, 3, 4], "rotation": 90, "texture": "#1"},
				"east": {"uv": [5, 1, 3, 2], "rotation": 180, "texture": "#1"},
				"south": {"uv": [2, 0, 3, 2], "rotation": 270, "texture": "#1"},
				"west": {"uv": [5, 1, 3, 0], "texture": "#1"},
				"up": {"uv": [0, 0, 2, 2], "rotation": 270, "texture": "#1"},
				"down": {"uv": [0, 2, 2, 4], "rotation": 270, "texture": "#1"}
			}
		},
		{
			"from": [2, 0, 11],
			"to": [5, 1, 14],
			"rotation": {"angle": 0, "axis": "z", "origin": [-8, 16, 8]},
			"faces": {
				"north": {"uv": [3, 3, 4, 6], "rotation": 90, "texture": "#2"},
				"east": {"uv": [7, 1, 4, 2], "rotation": 180, "texture": "#2"},
				"south": {"uv": [3, 0, 4, 3], "rotation": 270, "texture": "#2"},
				"west": {"uv": [7, 1, 4, 0], "texture": "#2"},
				"up": {"uv": [0, 0, 3, 3], "rotation": 270, "texture": "#2"},
				"down": {"uv": [0, 3, 3, 6], "rotation": 270, "texture": "#2"}
			}
		},
		{
			"from": [0, 0, 13],
			"to": [3, 1, 16],
			"rotation": {"angle": 0, "axis": "z", "origin": [-8, 16, 8]},
			"faces": {
				"north": {"uv": [3, 3, 4, 6], "rotation": 90, "texture": "#4"},
				"east": {"uv": [7, 1, 4, 2], "rotation": 180, "texture": "#4"},
				"south": {"uv": [3, 0, 4, 3], "rotation": 270, "texture": "#4"},
				"west": {"uv": [7, 1, 4, 0], "texture": "#4"},
				"up": {"uv": [0, 0, 3, 3], "rotation": 270, "texture": "#4"},
				"down": {"uv": [0, 3, 3, 6], "rotation": 270, "texture": "#4"}
			}
		},
		{
			"from": [1, 0, 12],
			"to": [4, 1, 15],
			"rotation": {"angle": 0, "axis": "z", "origin": [-8, 16, 8]},
			"faces": {
				"north": {"uv": [3, 3, 4, 6], "rotation": 90, "texture": "#3"},
				"east": {"uv": [7, 1, 4, 2], "rotation": 180, "texture": "#3"},
				"south": {"uv": [3, 0, 4, 3], "rotation": 270, "texture": "#3"},
				"west": {"uv": [7, 1, 4, 0], "texture": "#3"},
				"up": {"uv": [0, 0, 3, 3], "rotation": 270, "texture": "#3"},
				"down": {"uv": [0, 3, 3, 6], "rotation": 270, "texture": "#3"}
			}
		}
	],
	"gui_light": "front",
	"display": {
		"thirdperson_righthand": {
			"rotation": [-40, 0, -90],
			"translation": [7.75, 0, 0]
		},
		"thirdperson_lefthand": {
			"rotation": [-133, 0, -90],
			"translation": [7.75, 0, 0]
		},
		"firstperson_righthand": {
			"rotation": [-120.21, -3.55, 89.45],
			"translation": [-4, 0.5, 0],
			"scale": [0.8, 0.8, 0.8]
		},
		"firstperson_lefthand": {
			"rotation": [-34.57, 4.2, 99.98],
			"translation": [-2.75, 0, 0],
			"scale": [0.8, 0.8, 0.8]
		},
		"ground": {
			"rotation": [11.75, 30.12, -95.6],
			"translation": [3.25, 0, -1],
			"scale": [0.5, 0.5, 0.5]
		},
		"gui": {
			"rotation": [94, 180, 0],
			"translation": [-0.5, -0.75, 0],
			"scale": [0.9, 0.9, 0.9]
		},
		"head": {
			"rotation": [0, -2, 0],
			"translation": [0, 14.5, 0]
		},
		"fixed": {
			"rotation": [-90, 90, 0],
			"translation": [0, 0, -7.75]
		}
	}
}