{
	"type": "minecraft:gift",
	"pools": [
		{
			"rolls": 1,
			"bonus_rolls": 0,
			"entries": [
				{
					"type": "minecraft:item",
					"name": "minecraft:enchanted_book",
					"weight": 1,
					"functions": [
						{
							"function": "minecraft:set_custom_data",
							"tag": "{Tome:1}"
						},
						{
							"function": "minecraft:set_name",
							"entity": "this",
							"name": {
								"text": "Bergimalic",
								"color": "aqua",
								"italic": false
							}
						}
					]
				},
				{
					"type": "minecraft:item",
					"name": "minecraft:book",
					"weight": 20
				}
			]
		}
	],
	"random_sequence": "minecraft:gameplay/hero_of_the_village/librarian_gift"
}
