{
	"condition": "minecraft:all_of",
	"terms": [
		{
			"condition": "minecraft:entity_properties",
			"entity": "this",
			"predicate": {
				"stepping_on": {
					"block": {
						"blocks": [
							"minecraft:enchanting_table"
						]
					}
				},
				"equipment": {
					"mainhand": {
						"items": [
							"minecraft:enchanted_book"
						],
						"predicates": {
							"minecraft:custom_data": "{rusmu:1}"
						}
					},
					"offhand": {
						"items": [
							"shield"
						]
					}
				}
			}
		}
	]
}
