{
	"display": {
		"icon": {
			"id": "minecraft:trident"
		},
		"title": "Lord of the 9 seas",
		"description": "Kill The Siren and conquer the oceans",
		"frame": "goal",
		"hidden": true
	},
	"parent": "first:talesofsilta/basicspells",
	"criteria": {
		"kill": {
			"trigger": "minecraft:player_killed_entity",
			"conditions": {
				"entity": [
					{
						"condition": "minecraft:entity_properties",
						"entity": "this",
						"predicate": {
							"type": "minecraft:drowned",
							"nbt": "{Tags:[\"drowner\"]}"
						}
					}
				]
			}
		}
	}
}
