{
    "type": "minecraft:chest",
    "pools": [
      {
        "rolls": 1,
        "entries": [
        {
          "type": "minecraft:item",
          "weight": 1,
          "name": "minecraft:enchanted_book",
          "functions": [
            {
              "function": "minecraft:set_nbt",
              "tag": "{rumdu:1}"
            },
            {
              "function": "minecraft:set_name",
              "entity": "this",
              "name": {
                "text": "Book of Rumdu",
                "color": "yellow",
                "italic": false
              }
            }
          ]
        }]
      },
      {
        "rolls": 1,
        "entries": [
          {
            "type": "minecraft:item",
            "name": "minecraft:crossbow"
          }
        ]
      },
      {
        "rolls": {
          "min": 0,
          "max": 27
        },
        "entries": [
          {
            "type": "minecraft:item",
            "weight": 5,
            "name": "minecraft:orange_dye",
            "functions": [
              {
                "function": "minecraft:set_count",
                "count": {
                  "min": 0,
                  "max": 14
                }
              }
            ]
          },
          {
            "type": "minecraft:item",
            "weight": 2,
            "name": "minecraft:black_glazed_terracotta"
          },
          {
            "type": "minecraft:item",
            "weight": 1,
            "name": "minecraft:enchanted_book",
            "functions": [
              {
                "function": "minecraft:enchant_randomly",
                "enchantments": [
                  "minecraft:binding_curse",
                  "minecraft:multishot",
                  "minecraft:fire_aspect",
                  "minecraft:vanishing_curse",
                  "minecraft:piercing",
                  "minecraft:quick_charge"
                ]
              }
            ]
          },
          {
            "type": "minecraft:item",
            "weight": 3,
            "name": "minecraft:gunpowder",
            "functions": [
              {
                "function": "minecraft:set_count",
                "count": {
                  "min": 0,
                  "max": 21
                }
              }
            ]
          },
          {
            "type": "minecraft:item",
            "weight": 1,
            "name": "minecraft:lapis_lazuli"
          },
          {
            "type": "minecraft:item",
            "weight": 15,
            "name": "minecraft:terracotta",
            "functions": [
              {
                "function": "minecraft:set_count",
                "count": {
                  "min": 1,
                  "max": 7
                }
              }
            ]
          },
          {
            "type": "minecraft:item",
            "weight": 5,
            "name": "minecraft:red_sand",
            "functions": [
              {
                "function": "minecraft:set_count",
                "count": {
                  "min": 0,
                  "max": 12
                }
              }
            ]
          }
        ]
      }
    ]
  }
  