{
  "condition": "minecraft:any_of",
  "terms": [
    {
      "condition": "minecraft:entity_properties",
      "entity": "this",
      "predicate": {
        "equipment": {
          "mainhand": {
            "items": [
              "minecraft:warped_fungus_on_a_stick"
            ],
            "nbt": "{Wand:1,Unbreakable:1b}"
          }
        }
      }
    },
    {
      "condition": "minecraft:entity_properties",
      "entity": "this",
      "predicate": {
        "equipment": {
          "offhand": {
            "items": [
              "minecraft:warped_fungus_on_a_stick"
            ],
            "nbt": "{Wand:1,Unbreakable:1b}"
          }
        }
      }
    }
  ]
}