{
    "type": "minecraft:jigsaw",
    "biomes": [
      "minecraft:nether_wastes",
      "minecraft:soul_sand_valley",
      "minecraft:warped_forest",
      "minecraft:crimson_forest",
      "minecraft:basalt_deltas"
    ],
    "step": "surface_structures",
    "terrain_adaptation": "beard_thin",
    "use_expansion_hack": true,
    "spawn_overrides": {
      "monster": {
        "bounding_box": "full",
        "spawns": []
      }
    },
    "start_pool": "second:the_forge",
    "size": 6,
    "start_height": {
      "absolute": 0
    },
    "max_distance_from_center": 80,
    "project_start_to_heightmap": "WORLD_SURFACE_WG"
  }