{
	"type": "minecraft:chest",
	"pools": [
		{
			"rolls": {
				"type": "minecraft:uniform",
				"min": 5,
				"max": 10
			},
			"bonus_rolls": 0,
			"entries": [
				{
					"type": "minecraft:item",
					"name": "minecraft:enchanted_golden_apple",
					"functions": [
						{
							"function": "minecraft:set_count",
							"count": {
								"type": "minecraft:uniform",
								"min": 1,
								"max": 2
							},
							"add": false
						}
					]
				},
				{
					"type": "minecraft:item",
					"name": "minecraft:music_disc_otherside"
				},
				{
					"type": "minecraft:item",
					"name": "minecraft:compass",
					"weight": 2,
					"functions": [
						{
							"function": "minecraft:set_count",
							"count": 1,
							"add": false
						}
					]
				},
				{
					"type": "minecraft:item",
					"name": "minecraft:sculk_catalyst",
					"weight": 2,
					"functions": [
						{
							"function": "minecraft:set_count",
							"count": {
								"type": "minecraft:uniform",
								"min": 1,
								"max": 2
							},
							"add": false
						}
					]
				},
				{
					"type": "minecraft:item",
					"name": "minecraft:name_tag",
					"weight": 2
				},
				{
					"type": "minecraft:item",
					"name": "minecraft:diamond_hoe",
					"weight": 2,
					"functions": [
						{
							"function": "minecraft:set_count",
							"count": 1,
							"add": false
						},
						{
							"function": "minecraft:set_damage",
							"damage": {
								"type": "minecraft:uniform",
								"min": 0.8,
								"max": 1
							},
							"add": false
						},
						{
							"function": "minecraft:enchant_with_levels",
							"levels": {
								"type": "minecraft:uniform",
								"min": 30,
								"max": 50
							},
							"options": "#minecraft:on_random_loot"
						}
					]
				},
				{
					"type": "minecraft:item",
					"name": "minecraft:lead",
					"weight": 2,
					"functions": [
						{
							"function": "minecraft:set_count",
							"count": 1,
							"add": false
						}
					]
				},
				{
					"type": "minecraft:item",
					"name": "minecraft:diamond_horse_armor",
					"weight": 2,
					"functions": [
						{
							"function": "minecraft:set_count",
							"count": 1,
							"add": false
						}
					]
				},
				{
					"type": "minecraft:item",
					"name": "minecraft:saddle",
					"weight": 2,
					"functions": [
						{
							"function": "minecraft:set_count",
							"count": 1,
							"add": false
						}
					]
				},
				{
					"type": "minecraft:item",
					"name": "minecraft:music_disc_13",
					"weight": 2
				},
				{
					"type": "minecraft:item",
					"name": "minecraft:music_disc_cat",
					"weight": 2
				},
				{
					"type": "minecraft:item",
					"name": "minecraft:diamond_leggings",
					"weight": 2,
					"functions": [
						{
							"function": "minecraft:enchant_with_levels",
							"levels": {
								"type": "minecraft:uniform",
								"min": 30,
								"max": 50
							},
							"options": "#minecraft:on_random_loot"
						}
					]
				},
				{
					"type": "minecraft:item",
					"name": "minecraft:book",
					"weight": 3,
					"functions": [
						{
							"function": "minecraft:enchant_randomly",
							"options": "minecraft:swift_sneak"
						}
					]
				},
				{
					"type": "minecraft:item",
					"name": "minecraft:sculk",
					"weight": 3,
					"functions": [
						{
							"function": "minecraft:set_count",
							"count": {
								"type": "minecraft:uniform",
								"min": 4,
								"max": 10
							},
							"add": false
						}
					]
				},
				{
					"type": "minecraft:item",
					"name": "minecraft:sculk_sensor",
					"weight": 3,
					"functions": [
						{
							"function": "minecraft:set_count",
							"count": {
								"type": "minecraft:uniform",
								"min": 1,
								"max": 3
							},
							"add": false
						}
					]
				},
				{
					"type": "minecraft:item",
					"name": "minecraft:candle",
					"weight": 3,
					"functions": [
						{
							"function": "minecraft:set_count",
							"count": {
								"type": "minecraft:uniform",
								"min": 1,
								"max": 4
							},
							"add": false
						}
					]
				},
				{
					"type": "minecraft:item",
					"name": "minecraft:amethyst_shard",
					"weight": 3,
					"functions": [
						{
							"function": "minecraft:set_count",
							"count": {
								"type": "minecraft:uniform",
								"min": 1,
								"max": 15
							},
							"add": false
						}
					]
				},
				{
					"type": "minecraft:item",
					"name": "minecraft:experience_bottle",
					"weight": 3,
					"functions": [
						{
							"function": "minecraft:set_count",
							"count": {
								"type": "minecraft:uniform",
								"min": 1,
								"max": 3
							},
							"add": false
						}
					]
				},
				{
					"type": "minecraft:item",
					"name": "minecraft:glow_berries",
					"weight": 3,
					"functions": [
						{
							"function": "minecraft:set_count",
							"count": {
								"type": "minecraft:uniform",
								"min": 1,
								"max": 15
							},
							"add": false
						}
					]
				},
				{
					"type": "minecraft:item",
					"name": "minecraft:iron_leggings",
					"weight": 3,
					"functions": [
						{
							"function": "minecraft:enchant_with_levels",
							"levels": {
								"type": "minecraft:uniform",
								"min": 20,
								"max": 39
							},
							"options": "#minecraft:on_random_loot"
						}
					]
				},
				{
					"type": "minecraft:item",
					"name": "minecraft:echo_shard",
					"weight": 4,
					"functions": [
						{
							"function": "minecraft:set_count",
							"count": {
								"type": "minecraft:uniform",
								"min": 1,
								"max": 3
							},
							"add": false
						}
					]
				},
				{
					"type": "minecraft:item",
					"name": "minecraft:disc_fragment_5",
					"weight": 4,
					"functions": [
						{
							"function": "minecraft:set_count",
							"count": {
								"type": "minecraft:uniform",
								"min": 1,
								"max": 3
							},
							"add": false
						}
					]
				},
				{
					"type": "minecraft:item",
					"name": "minecraft:potion",
					"weight": 5,
					"functions": [
						{
							"function": "minecraft:set_count",
							"count": {
								"type": "minecraft:uniform",
								"min": 1,
								"max": 3
							},
							"add": false
						},
						{
							"function": "minecraft:set_potion",
							"id": "minecraft:strong_regeneration"
						}
					]
				},
				{
					"type": "minecraft:item",
					"name": "minecraft:book",
					"weight": 5,
					"functions": [
						{
							"function": "minecraft:enchant_randomly",
							"options": "#minecraft:on_random_loot"
						}
					]
				},
				{
					"type": "minecraft:item",
					"name": "minecraft:book",
					"weight": 5,
					"functions": [
						{
							"function": "minecraft:set_count",
							"count": {
								"type": "minecraft:uniform",
								"min": 3,
								"max": 10
							},
							"add": false
						}
					]
				},
				{
					"type": "minecraft:item",
					"name": "minecraft:bone",
					"weight": 5,
					"functions": [
						{
							"function": "minecraft:set_count",
							"count": {
								"type": "minecraft:uniform",
								"min": 1,
								"max": 15
							},
							"add": false
						}
					]
				},
				{
					"type": "minecraft:item",
					"name": "minecraft:soul_torch",
					"weight": 5,
					"functions": [
						{
							"function": "minecraft:set_count",
							"count": {
								"type": "minecraft:uniform",
								"min": 1,
								"max": 15
							},
							"add": false
						}
					]
				},
				{
					"type": "minecraft:item",
					"name": "minecraft:coal",
					"weight": 7,
					"functions": [
						{
							"function": "minecraft:set_count",
							"count": {
								"type": "minecraft:uniform",
								"min": 6,
								"max": 15
							},
							"add": false
						}
					]
				}
			]
		},
		{
			"rolls": 1,
			"bonus_rolls": 0,
			"entries": [
				{
					"type": "minecraft:item",
					"name": "minecraft:enchanted_book",
					"weight": 6,
					"functions": [
						{
							"function": "minecraft:set_name",
							"entity": "this",
							"name": {
								"text": "Book of Ptoca",
								"color": "yellow",
								"italic": false
							}
						},
						{
							"function": "minecraft:set_custom_data",
							"tag": "{ptoca:1}"
						}
					]
				},
				{
					"type": "minecraft:empty",
					"weight": 75
				},
				{
					"type": "minecraft:item",
					"name": "minecraft:ward_armor_trim_smithing_template",
					"weight": 4
				},
				{
					"type": "minecraft:item",
					"name": "minecraft:silence_armor_trim_smithing_template"
				}
			]
		}
	],
	"random_sequence": "minecraft:chests/ancient_city"
}
