{
	"description": "Soul shield",
	"supported_items": "#minecraft:enchantable/sword",
	"weight": 1,
	"max_level": 1,
	"min_cost": {
		"base": 0,
		"per_level_above_first": 0
	},
	"max_cost": {
		"base": 0,
		"per_level_above_first": 0
	},
	"anvil_cost": 0,
	"slots": [
		"mainhand"
	],
	"effects": {
		"minecraft:tick": [
			{
				"effect": {
					"type": "minecraft:run_function",
					"function": "first:artifact/dbmsword"
				},
				"requirements": {
					"condition": "minecraft:entity_scores",
					"entity": "this",
					"scores": {
						"HealthPerc": {
							"min": 0,
							"max": 25
						}
					}
				}
			}
		]
	}
}
