{
    "display": {
      "icon": {
        "item": "minecraft:wooden_sword"      },
      "title": "I want his bow",
      "description": "Kill Dead Ninja",
      "frame": "goal"
    },
    "parent": "first:talesofsilta/basicspells",
    "criteria": {
      "kill": {
        "trigger": "minecraft:player_killed_entity",
        "conditions": {
          "entity": [
            {
              "condition": "minecraft:entity_properties",
              "entity": "this",
              "predicate": {
                "type": "minecraft:skeleton",
                "nbt": "{Tags:[\"deadninja\"]}"
              }
            }
          ]
        }
      }
    }
  }
  