{
    "display": {
      "icon": {
        "item": "minecraft:wither_skeleton_skull"
      },
      "title": "Skelly bonker",
      "description": "Kill Dark Boneman",
      "frame": "goal",
      "show_toast": true,
      "announce_to_chat": true,
      "hidden": false
    },
    "parent": "first:talesofsilta/basicspells",
    "criteria": {
      "kill": {
        "trigger": "minecraft:player_killed_entity",
        "conditions": {
          "entity": [
            {
              "condition": "minecraft:entity_properties",
              "entity": "this",
              "predicate": {
                "type": "minecraft:wither_skeleton",
                "nbt": "{Tags:[\"DBMan\"]}"
              }
            }
          ]
        }
      }
    }
  }
  