{
    "type": "minecraft:jigsaw",
    "biomes": ["badlands","eroded_badlands"],
    "max_distance_from_center": 80,
    "project_start_to_heightmap": "WORLD_SURFACE_WG",
    "size": 7,
    "spawn_overrides": {
        "creature": {
          "bounding_box": "full",
          "spawns": [
            {
              "type": "minecraft:pillager",
              "weight": 1,
              "minCount": 1,
              "maxCount": 1
            }
          ]
        }
      },
    "start_height": {
        "absolute": 0
    },
    "start_pool": "second:mesa_base",
    "step": "surface_structures",
    "terrain_adaptation": "beard_thin",
    "use_expansion_hack": true
}