{
	"type": "minecraft:chest",
	"pools": [
		{
			"rolls": 1,
			"entries": [
				{
					"type": "minecraft:item",
					"name": "minecraft:enchanted_book",
					"weight": 1,
					"functions": [
						{
							"function": "minecraft:set_custom_data",
							"tag": "{Tome:1}"
						},
						{
							"function": "minecraft:set_name",
							"entity": "this",
							"name": {
								"text": "Bergimalic",
								"color": "aqua",
								"italic": false
							}
						}
					]
				},
				{
					"type": "minecraft:item",
					"name": "minecraft:writable_book",
					"weight": 10
				}
			]
		},
		{
			"rolls": {
				"min": 1,
				"max": 4
			},
			"bonus_rolls": 1,
			"entries": [
				{
					"type": "minecraft:item",
					"name": "minecraft:glass_bottle",
					"weight": 15
				},
				{
					"type": "minecraft:item",
					"name": "minecraft:ink_sac",
					"weight": 14
				},
				{
					"type": "minecraft:item",
					"name": "minecraft:paper",
					"weight": 20,
					"functions": [
						{
							"function": "minecraft:set_count",
							"count": {
								"min": 3,
								"max": 12
							}
						}
					]
				},
				{
					"type": "minecraft:loot_table",
					"value": "minecraft:blocks/emerald_ore",
					"weight": 20,
					"functions": [
						{
							"function": "minecraft:set_count",
							"count": {
								"min": 5,
								"max": 15
							}
						}
					]
				},
				{
					"type": "minecraft:item",
					"name": "minecraft:snowball",
					"weight": 1,
					"functions": [
						{
							"function": "minecraft:set_custom_model_data",
							"value": 22201
						},
						{
							"function": "minecraft:set_name",
							"name": {
								"text": "Scroll of Energy",
								"color": "yellow",
								"italic": false
							}
						},
						{
							"function": "minecraft:set_custom_data",
							"tag": "{manaBurst:1}"
						}
					]
				},
				{
					"type": "minecraft:item",
					"name": "minecraft:snowball",
					"weight": 1,
					"functions": [
						{
							"function": "minecraft:set_custom_model_data",
							"value": 22205
						},
						{
							"function": "minecraft:set_name",
							"name": {
								"text": "Scroll of Cleansing",
								"color": "yellow",
								"italic": false
							}
						},
						{
							"function": "minecraft:set_custom_data",
							"tag": "{cleanseScroll:1}"
						}
					]
				},
				{
					"type": "minecraft:item",
					"name": "minecraft:snowball",
					"weight": 1,
					"functions": [
						{
							"function": "minecraft:set_name",
							"name": {
								"text": "Scroll of Rage",
								"color": "yellow",
								"italic": false
							}
						},
						{
							"function": "minecraft:set_custom_model_data",
							"value": 22204
						},
						{
							"function": "minecraft:set_custom_data",
							"tag": "{motivationScroll:1}"
						}
					]
				},
				{
					"type": "minecraft:item",
					"name": "minecraft:snowball",
					"weight": 1,
					"functions": [
						{
							"function": "minecraft:set_name",
							"name": {
								"text": "Scroll of Thunder"
							}
						},
						{
							"function": "minecraft:set_custom_model_data",
							"value": 22202
						},
						{
							"function": "minecraft:set_custom_data",
							"tag": "{rainStone:1}"
						}
					]
				}
			]
		},
		{
			"rolls": 1,
			"entries": [
				{
					"type": "minecraft:item",
					"name": "minecraft:cobweb",
					"functions": [
						{
							"function": "minecraft:set_count",
							"count": {
								"min": 5,
								"max": 20
							}
						}
					]
				}
			]
		}
	]
}
