{
	"description": "Bonking",
	"supported_items": "minecraft:warped_fungus_on_a_stick",
	"primary_items": "minecraft:warped_fungus_on_a_stick",
	"weight": 1,
	"max_level": 1,
	"min_cost": {
		"base": 15,
		"per_level_above_first": 9
	},
	"max_cost": {
		"base": 65,
		"per_level_above_first": 9
	},
	"anvil_cost": 0,
	"slots": [
		"mainhand"
	],
	"effects": {
		"minecraft:attributes": [
			{
				"id": "reach",
				"attribute": "minecraft:generic.attack_damage",
				"amount": 7,
				"operation": "add_value"
			}
		]
	}
}
