{
	"condition": "minecraft:all_of",
	"terms": [
		{
			"condition": "minecraft:inverted",
			"term": {
				"condition": "minecraft:entity_properties",
				"entity": "this",
				"predicate": {
					"equipment": {
						"head": {
							"items": [
								"minecraft:carved_pumpkin"
							]
						}
					}
				}
			}
		},
		{
			"condition": "minecraft:entity_properties",
			"entity": "this",
			"predicate": {
				"location": {
					"light": {
						"light": 15
					}
				}
			}
		}
	]
}
