{
	"description": "Flash",
	"supported_items": "minecraft:warped_fungus_on_a_stick",
	"primary_items": "minecraft:warped_fungus_on_a_stick",
	"weight": 1,
	"max_level": 1,
	"min_cost": {
		"base": 13,
		"per_level_above_first": 5
	},
	"max_cost": {
		"base": 70,
		"per_level_above_first": 10
	},
	"anvil_cost": 0,
	"slots": [
		"mainhand"
	],
	"effects": {
		"minecraft:post_attack": [
			{
				"enchanted": "attacker",
				"affected": "attacker",
				"effect": {
					"type": "minecraft:run_function",
					"function": "first:staffench/flash"
				},
				"requirements": {
					"condition": "minecraft:all_of",
					"terms": [
						
						{
							"condition": "minecraft:random_chance",
							"chance": 0.1
						}
					]
				}
			}
		]
	}
}
