{
	"credit": "Made with Blockbench, by FrantisekV8",
	"textures": {
		"0": "item/cube",
		"particle": "item/cube"
	},
	"elements": [
		{
			"from": [7, 0, 4],
			"to": [12, 5, 9],
			"rotation": {"angle": 0, "axis": "y", "origin": [7, 0, 7]},
			"faces": {
				"north": {"uv": [0, 0, 5, 5], "texture": "#0"},
				"east": {"uv": [0, 5, 5, 10], "texture": "#0"},
				"south": {"uv": [5, 0, 10, 5], "texture": "#0"},
				"west": {"uv": [5, 5, 10, 10], "texture": "#0"},
				"up": {"uv": [5, 15, 0, 10], "texture": "#0"},
				"down": {"uv": [15, 0, 10, 5], "texture": "#0"}
			}
		}
	],
	"gui_light": "front",
	"display": {
		"thirdperson_righthand": {
			"rotation": [-143.29, 88.4, -126.18],
			"translation": [1.1, 1.9, 4.25],
			"scale": [0.6, 0.6, 0.6]
		},
		"thirdperson_lefthand": {
			"rotation": [-143.29, 88.4, -126.18],
			"translation": [1.1, 2.9, 4.25],
			"scale": [0.6, 0.6, 0.6]
		},
		"firstperson_righthand": {
			"translation": [0, 9, 0]
		},
		"firstperson_lefthand": {
			"translation": [2.75, 9.25, 0]
		},
		"ground": {
			"translation": [-1.75, 4.75, 1.5]
		},
		"gui": {
			"rotation": [29.17, -41.19, -0.35],
			"translation": [-3, 6.75, 0],
			"scale": [1.39, 1.39, 1.39]
		},
		"head": {
			"translation": [-1.75, 22.5, 1.5]
		},
		"fixed": {
			"translation": [-1.75, 5.5, 0]
		}
	}
}