{
	"credit": "Made with Blockbench,by FrantisekV8",
	"texture_size": [64, 64],
	"textures": {
		"0": "item/hammer",
		"particle": "item/hammer"
	},
	"elements": [
		{
			"from": [7, 0, 7],
			"to": [9, 28, 9],
			"faces": {
				"north": {"uv": [3, 3, 3.5, 10], "texture": "#0"},
				"east": {"uv": [3.5, 0, 4, 7], "texture": "#0"},
				"south": {"uv": [4, 0, 4.5, 7], "texture": "#0"},
				"west": {"uv": [4.5, 0, 5, 7], "texture": "#0"},
				"up": {"uv": [5.5, 5.5, 5, 5], "texture": "#0"},
				"down": {"uv": [5.5, 5.5, 5, 6], "texture": "#0"}
			}
		},
		{
			"from": [5, 21, 1],
			"to": [11, 27, 15],
			"faces": {
				"north": {"uv": [5, 0, 6.5, 1.5], "texture": "#0"},
				"east": {"uv": [0, 0, 3.5, 1.5], "texture": "#0"},
				"south": {"uv": [5, 1.5, 6.5, 3], "texture": "#0"},
				"west": {"uv": [0, 1.5, 3.5, 3], "texture": "#0"},
				"up": {"uv": [1.5, 6.5, 0, 3], "texture": "#0"},
				"down": {"uv": [3, 3, 1.5, 6.5], "texture": "#0"}
			}
		},
		{
			"from": [6, 8, 6],
			"to": [10, 9, 10],
			"rotation": {"angle": 0, "axis": "y", "origin": [5, 17, 11]},
			"faces": {
				"north": {"uv": [5.5, 5, 6.5, 5.25], "texture": "#0"},
				"east": {"uv": [5.5, 5.25, 6.5, 5.5], "texture": "#0"},
				"south": {"uv": [5.5, 5.5, 6.5, 5.75], "texture": "#0"},
				"west": {"uv": [5.5, 5.75, 6.5, 6], "texture": "#0"},
				"up": {"uv": [6, 4, 5, 3], "texture": "#0"},
				"down": {"uv": [6, 4, 5, 5], "texture": "#0"}
			}
		}
	],
	"gui_light": "front",
	"display": {
		"gui_light": "front",
		"ground": {
			"rotation": [-28.11, -1.43, 5.56],
			"scale": [0.4, 0.4, 0.4]
		},
		"gui": {
			"rotation": [90, -41, 90],
			"translation": [3.5, -2.5, 0],
			"scale": [0.6, 0.6, 0.6]
		},
		"head": {
			"rotation": [-123.25, 0, 0],
			"translation": [0, 18.25, 11.25]
		},
		"fixed": {
			"rotation": [90, -41, 90],
			"translation": [3.5, -2.5, 0],
			"scale": [0.6, 0.6, 0.6]
		}
	}
}