{
	"credit": "Made with Blockbench, by FrantisekV8",
	"texture_size": [32, 32],
	"textures": {
		"0": "item/klobrct1",
		"1": "item/klobrct2",
		"2": "item/klobrct3",
		"3": "item/klobrct4",
		"4": "item/klobrct5",
		"5": "item/klobrct6",
		"particle": "item/klobrct1"
	},
	"elements": [
		{
			"from": [0, 0, 0],
			"to": [16, 0, 16],
			"faces": {
				"north": {"uv": [0, 0, 8, 0], "texture": "#5"},
				"east": {"uv": [0, 0, 8, 0], "texture": "#5"},
				"south": {"uv": [0, 0, 8, 0], "texture": "#5"},
				"west": {"uv": [0, 0, 8, 0], "texture": "#5"},
				"up": {"uv": [8, 8, 0, 0], "texture": "#5"},
				"down": {"uv": [8, 8, 0, 16], "texture": "#5"}
			}
		},
		{
			"from": [3, 0, 3],
			"to": [13, 5, 13],
			"faces": {
				"north": {"uv": [5, 0, 10, 2.5], "texture": "#4"},
				"east": {"uv": [5, 2.5, 10, 5], "texture": "#4"},
				"south": {"uv": [5, 5, 10, 7.5], "texture": "#4"},
				"west": {"uv": [5, 7.5, 10, 10], "texture": "#4"},
				"up": {"uv": [5, 5, 0, 0], "texture": "#4"},
				"down": {"uv": [5, 5, 0, 10], "texture": "#4"}
			}
		},
		{
			"from": [4, 5, 4],
			"to": [12, 9, 12],
			"faces": {
				"north": {"uv": [8, 0, 16, 4], "texture": "#3"},
				"east": {"uv": [8, 4, 16, 8], "texture": "#3"},
				"south": {"uv": [8, 8, 16, 12], "texture": "#3"},
				"west": {"uv": [8, 12, 16, 16], "texture": "#3"},
				"up": {"uv": [8, 8, 0, 0], "texture": "#3"},
				"down": {"uv": [8, 8, 0, 16], "texture": "#3"}
			}
		},
		{
			"from": [5, 9, 4],
			"to": [11, 12, 10],
			"faces": {
				"north": {"uv": [6, 0, 12, 3], "texture": "#2"},
				"east": {"uv": [6, 3, 12, 6], "texture": "#2"},
				"south": {"uv": [6, 6, 12, 9], "texture": "#2"},
				"west": {"uv": [6, 9, 12, 12], "texture": "#2"},
				"up": {"uv": [6, 6, 0, 0], "texture": "#2"},
				"down": {"uv": [6, 6, 0, 12], "texture": "#2"}
			}
		},
		{
			"from": [6, 11, 3],
			"to": [10, 14, 8],
			"faces": {
				"north": {"uv": [0, 7, 4, 9], "texture": "#1"},
				"east": {"uv": [0, 5, 5, 7], "texture": "#1"},
				"south": {"uv": [4, 7, 8, 9], "texture": "#1"},
				"west": {"uv": [5, 5, 10, 7], "texture": "#1"},
				"up": {"uv": [4, 5, 0, 0], "texture": "#1"},
				"down": {"uv": [8, 0, 4, 5], "texture": "#1"}
			}
		},
		{
			"from": [7, 13, 1],
			"to": [9, 15, 4],
			"faces": {
				"north": {"uv": [0, 4, 2, 6], "texture": "#0"},
				"east": {"uv": [0, 0, 3, 2], "texture": "#0"},
				"south": {"uv": [5, 0, 7, 2], "texture": "#0"},
				"west": {"uv": [0, 2, 3, 4], "texture": "#0"},
				"up": {"uv": [5, 3, 3, 0], "texture": "#0"},
				"down": {"uv": [5, 3, 3, 6], "texture": "#0"}
			}
		}
	],
	"display": {
		"thirdperson_righthand": {
			"rotation": [0, -180, 0],
			"translation": [0, 2.5, 0],
			"scale": [0.3, 0.3, 0.3]
		},
		"thirdperson_lefthand": {
			"rotation": [0, -180, 0],
			"translation": [0, 2.5, 0],
			"scale": [0.3, 0.3, 0.3]
		},
		"firstperson_righthand": {
			"rotation": [0, 180, 0],
			"translation": [0, 3, 0],
			"scale": [0.6, 0.6, 0.6]
		},
		"firstperson_lefthand": {
			"rotation": [0, -180, 0],
			"translation": [0, 3.25, 0],
			"scale": [0.6, 0.6, 0.6]
		},
		"ground": {
			"translation": [-0.5, -0.75, 0],
			"scale": [0.3, 0.3, 0.3]
		},
		"gui": {
			"rotation": [0, 89, 2]
		},
		"head": {
			"rotation": [6, -180, 0],
			"translation": [0, 14.5, 1],
			"scale": [1.36, 1.36, 1.36]
		},
		"fixed": {
			"rotation": [0, -91, 0]
		}
	}
}