{
	"credit": "Made with Blockbench, by FrantisekV8",
	"textures": {
		"0": "item/ringbase",
		"1": "item/ustraring",
		"particle": "item/ringbase"
	},
	"elements": [
		{
			"from": [6, 7, 7],
			"to": [7, 11, 8],
			"faces": {
				"north": {"uv": [0, 0, 1, 4], "texture": "#0"},
				"east": {"uv": [1, 0, 2, 4], "texture": "#0"},
				"south": {"uv": [2, 0, 3, 4], "texture": "#0"},
				"west": {"uv": [3, 0, 4, 4], "texture": "#0"},
				"up": {"uv": [4, 7, 3, 6], "texture": "#0"},
				"down": {"uv": [5, 6, 4, 7], "texture": "#0"}
			}
		},
		{
			"from": [9, 7, 7],
			"to": [10, 11, 8],
			"faces": {
				"north": {"uv": [0, 4, 1, 8], "texture": "#0"},
				"east": {"uv": [4, 0, 5, 4], "texture": "#0"},
				"south": {"uv": [1, 4, 2, 8], "texture": "#0"},
				"west": {"uv": [2, 4, 3, 8], "texture": "#0"},
				"up": {"uv": [8, 1, 7, 0], "texture": "#0"},
				"down": {"uv": [8, 1, 7, 2], "texture": "#0"}
			}
		},
		{
			"from": [7, 10, 7],
			"to": [9, 11, 8],
			"faces": {
				"north": {"uv": [3, 4, 5, 5], "texture": "#0"},
				"east": {"uv": [5, 6, 6, 7], "texture": "#0"},
				"south": {"uv": [5, 0, 7, 1], "texture": "#0"},
				"west": {"uv": [6, 6, 7, 7], "texture": "#0"},
				"up": {"uv": [7, 2, 5, 1], "texture": "#0"},
				"down": {"uv": [7, 2, 5, 3], "texture": "#0"}
			}
		},
		{
			"from": [7, 7, 7],
			"to": [9, 8, 8],
			"faces": {
				"north": {"uv": [3, 5, 5, 6], "texture": "#0"},
				"east": {"uv": [7, 2, 8, 3], "texture": "#0"},
				"south": {"uv": [5, 3, 7, 4], "texture": "#0"},
				"west": {"uv": [3, 7, 4, 8], "texture": "#0"},
				"up": {"uv": [7, 5, 5, 4], "texture": "#0"},
				"down": {"uv": [7, 5, 5, 6], "texture": "#0"}
			}
		},
		{
			"from": [7, 11, 7],
			"to": [9, 12, 8],
			"faces": {
				"north": {"uv": [0, 0, 2, 1], "texture": "#1"},
				"east": {"uv": [2, 1, 3, 2], "texture": "#1"},
				"south": {"uv": [0, 1, 2, 2], "texture": "#1"},
				"west": {"uv": [2, 2, 3, 3], "texture": "#1"},
				"up": {"uv": [2, 3, 0, 2], "texture": "#1"},
				"down": {"uv": [4, 0, 2, 1], "texture": "#1"}
			}
		}
	],
	"gui_light": "front",
	"display": {
		"thirdperson_righthand": {
			"translation": [-1.5, -0.5, 1],
			"scale": [0.33, 0.33, 0.33]
		},
		"thirdperson_lefthand": {
			"translation": [-1.5, -0.5, 1],
			"scale": [0.33, 0.33, 0.33]
		},
		"firstperson_righthand": {
			"rotation": [1.5, -55.25, 0],
			"translation": [1.75, 0, 0]
		},
		"firstperson_lefthand": {
			"rotation": [1.5, -55.25, 0],
			"translation": [1.75, 0, 0]
		},
		"gui": {
			"rotation": [25, 25, 25],
			"translation": [0, -1.5, 0],
			"scale": [1.5, 1.5, 1.5]
		},
		"head": {
			"translation": [3.25, -2.25, -6.25]
		},
		"fixed": {
			"translation": [0, -1.5, 0],
			"scale": [1.5, 1.5, 1.5]
		}
	}
}