{
	"pools": [
		{
			"rolls": 1,
			"entries": [
				{
					"type": "minecraft:item",
					"name": "minecraft:diamond_sword",
					"functions": [
						{
							"function": "minecraft:set_lore",
							"lore": [
								{
									"text": "Wither ring",
									"color": "aqua",
									"italic": false
								}
							],
							"mode": "replace_all"
						},
						{
							"function": "minecraft:set_name",
							"name": {
								"text": "Rsmo",
								"color": "light_purple",
								"italic": false
							}
						},
						{
							"function": "minecraft:set_custom_model_data",
							"value": 11109
						},
						{
							"function": "minecraft:set_attributes",
							"modifiers": [
								{
									"attribute": "minecraft:generic.attack_damage",
									"name": "",
									"amount": 12,
									"operation": "add_multiplied_total",
									"id": "38143125-65b9-4fdf-bbce-19f055a9b412",
									"slot": "mainhand"
								}
							]
						},
						{
							"function": "minecraft:set_components",
							"components": {
								"minecraft:enchantment_glint_override": true,
								"minecraft:max_damage": 3
							}
						},
						{
							"function": "minecraft:set_custom_data",
							"tag": "{ring:9}"
						}
					]
				}
			]
		}
	]
}