{
	"type": "minecraft:block",
	"pools": [
		{
			"rolls": 1,
			"bonus_rolls": 0,
			"entries": [
				{
					"type": "minecraft:group",
					"children": [
						{
							"type": "minecraft:item",
							"name": "minecraft:emerald",
							"weight": 1,
							"quality": 1,
							"functions": [
								{
									"function": "minecraft:set_components",
									"components": {
										"minecraft:enchantment_glint_override": true
									}
								},
								{
									"function": "minecraft:set_name",
									"entity": "this",
									"name": {
										"text": "Magical Emerald",
										"color": "aqua",
										"italic": false
									}
								},
								{
									"function": "minecraft:set_custom_data",
									"tag": "{MagicGem:5,Enchantments:[{}]}"
								}
							],
							"conditions": [
								{
									"condition": "minecraft:inverted",
									"term": {
										"condition": "minecraft:match_tool",
										"predicate": {
											"predicates": {
												"minecraft:enchantments": [
													{
														"enchantments": "minecraft:silk_touch",
														"levels": 1
													}
												]
											}
										}
									}
								}
							]
						},
						{
							"type": "minecraft:item",
							"name": "minecraft:deepslate_emerald_ore",
							"conditions": [
								{
									"condition": "minecraft:match_tool",
									"predicate": {
										"predicates": {
											"minecraft:enchantments": [
												{
													"enchantments": "minecraft:silk_touch",
													"levels": {
														"min": 1
													}
												}
											]
										}
									}
								}
							]
						},
						{
							"type": "minecraft:item",
							"name": "minecraft:emerald",
							"weight": 60,
							"quality": 60,
							"conditions": [
								{
									"condition": "minecraft:inverted",
									"term": {
										"condition": "minecraft:match_tool",
										"predicate": {
											"predicates": {
												"minecraft:enchantments": [
													{
														"enchantments": "minecraft:silk_touch",
														"levels": 1
													}
												]
											}
										}
									}
								}
							]
						}
					]
				}
			]
		}
	],
	"random_sequence": "minecraft:blocks/emerald_ore"
}
