{
	"display": {
		"icon": {
			"id": "minecraft:enchanted_book"
		},
		"title": "What a nerd",
		"description": "Learn all basic spells",
		"frame": "task",
		"show_toast": true,
		"announce_to_chat": true,
		"hidden": false
	},
	"parent": "first:talesofsilta/wizing",
	"criteria": {
		"requirement": {
			"trigger": "minecraft:tick",
			"conditions": {
				"player": [
					{
						"condition": "minecraft:entity_scores",
						"entity": "this",
						"scores": {
							"Mlvl": 7
						}
					}
				]
			}
		}
	}
}
