{
	"display": {
		"icon": {
			"id": "minecraft:mace",
			"components": {
				"minecraft:custom_model_data": 77702
			}
		},
		"title": "I have bigger hammer",
		"description": "Kill The Forger and progress further"
	},
	"parent": "first:talesofsilta/basicspells",
	"criteria": {
		"kill": {
			"trigger": "minecraft:player_killed_entity",
			"conditions": {
				"entity": [
					{
						"condition": "minecraft:entity_properties",
						"entity": "this",
						"predicate": {
							"type": "minecraft:giant",
							"nbt": "{Tags:[\"forger\"]}"
						}
					}
				]
			}
		}
	}
}
