{
	"pools": [
		{
			"rolls": 1,
			"entries": [
				{
					"type": "minecraft:item",
					"name": "minecraft:snowball",
					"weight": 1,
					"functions": [
						{
							"function": "minecraft:set_custom_model_data",
							"value": 22201
						},
						{
							"function": "minecraft:set_name",
							"name": {
								"text": "Scroll of Energy",
								"color": "yellow",
								"italic": false
							}
						},
						{
							"function": "minecraft:set_custom_data",
							"tag": "{manaBurst:1}"
						}
					]
				}
			]
		}
	]
}
