{
	"type": "minecraft:entity",
	"pools": [
		{
			"rolls": 1,
			"entries": [
				{
					"type": "minecraft:item",
					"name": "minecraft:tipped_arrow",
					"functions": [
						{
							"function": "minecraft:set_components",
							"components": {
								"minecraft:potion_contents": {
									"custom_effects": [
										{
											"id": "minecraft:blindness",
											"amplifier": 1,
											"duration": 1200,
											"show_particles": true,
											"show_icon": true
										}
									]
								}
							}
						},
						{
							"function": "minecraft:set_count",
							"count": {
								"min": 1,
								"max": 4
							}
						}
					]
				},
				{
					"type": "minecraft:item",
					"name": "minecraft:potion",
					"functions": [
						{
							"function": "minecraft:set_potion",
							"id": "minecraft:invisibility"
						}
					]
				}
			]
		}
	],
	"random_sequence": "minecraft:entities/illusioner"
}
