{
	"type": "minecraft:entity",
	"pools": [
		{
			"rolls": 1,
			"bonus_rolls": 0,
			"entries": [
				{
					"type": "minecraft:item",
					"name": "minecraft:totem_of_undying"
				}
			]
		},
		{
			"rolls": 1,
			"bonus_rolls": 0,
			"entries": [
				{
					"type": "minecraft:item",
					"name": "minecraft:enchanted_book",
					"weight": 1,
					"functions": [
						{
							"function": "minecraft:set_count",
							"count": 1
						},
						{
							"function": "minecraft:set_custom_data",
							"tag": "{tesden:1}"
						},
						{
							"function": "minecraft:set_name",
							"entity": "this",
							"name": {
								"text": "Book of Tesden",
								"color": "yellow",
								"italic": false
							}
						}
					],
					"conditions": [
						{
							"condition": "minecraft:damage_source_properties",
							"predicate": {
								"source_entity": {
									"type": "minecraft:player",
									"nbt": "{Tags:[\"magik\"]}"
								}
							}
						}
					]
				},
				{
					"type": "minecraft:item",
					"name": "minecraft:emerald",
					"weight": 10,
					"functions": [
						{
							"function": "minecraft:set_count",
							"count": {
								"type": "minecraft:uniform",
								"min": 0,
								"max": 1
							},
							"add": false
						},
						{
							"function": "minecraft:enchanted_count_increase",
							"enchantment": "minecraft:looting",
							"count": {
								"type": "minecraft:uniform",
								"min": 0,
								"max": 1
							}
						}
					]
				}
			],
			"conditions": [
				{
					"condition": "minecraft:killed_by_player"
				}
			]
		}
	],
	"random_sequence": "minecraft:entities/evoker"
}
