{
    "temperature": 2,
    "downfall": 0.2,
    "has_precipitation": false,
    "temperature_modifier": "none",
    "effects": {
      "sky_color": 8421504,
      "fog_color": 12245984,
      "water_color": 1850438,
      "water_fog_color": 329011,
      "grass_color": 7106850,
      "foliage_color": 11500598,
      "grass_color_modifier": "none",
      "mood_sound": {
        "sound": "minecraft:ambient.cave",
        "tick_delay": 10000,
        "block_search_extent": 50,
        "offset": 0.12
      },
      "particle": {
        "options": {
          "type": "minecraft:ash"
        },
        "probability": 0.1
      }
    },
       "spawners": {
        "ambient": [
          {
            "type": "minecraft:bat",
            "maxCount": 8,
            "minCount": 8,
            "weight": 10
          }
        ],
        "axolotls": [],
        "creature": [],
        "misc": [],
        "monster": [
          {
            "type": "minecraft:spider",
            "maxCount": 4,
            "minCount": 4,
            "weight": 100
          },
          {
            "type": "minecraft:zombie",
            "maxCount": 4,
            "minCount": 4,
            "weight": 95
          },
          {
            "type": "minecraft:zombie_villager",
            "maxCount": 1,
            "minCount": 1,
            "weight": 5
          },
          {
            "type": "minecraft:skeleton",
            "maxCount": 4,
            "minCount": 4,
            "weight": 110
          },
          {
            "type": "minecraft:creeper",
            "maxCount": 4,
            "minCount": 4,
            "weight": 100
          },
          {
            "type": "minecraft:slime",
            "maxCount": 4,
            "minCount": 4,
            "weight": 100
          },
          {
            "type": "minecraft:enderman",
            "maxCount": 4,
            "minCount": 1,
            "weight": 10
          },
          {
            "type": "minecraft:witch",
            "maxCount": 1,
            "minCount": 1,
            "weight": 5
          }
        ],
        "water_ambient": [],
        "water_creature": []
      },
    "spawn_costs": {},
    "carvers": {
        "air":[
            "minecraft:cave",
            "minecraft:canyon"
        ]
    },
    "features": [
        [],
    [
      "minecraft:lake_lava_underground",
      "minecraft:lake_lava_surface"
    ],
    [
      "minecraft:amethyst_geode"
    ],
    [
      "minecraft:monster_room",
      "minecraft:monster_room_deep"
    ],
    [],
    [],
    [
      "minecraft:ore_dirt",
      "minecraft:ore_gravel",
      "minecraft:ore_granite_upper",
      "minecraft:ore_granite_lower",
      "minecraft:ore_diorite_upper",
      "minecraft:ore_diorite_lower",
      "minecraft:ore_andesite_upper",
      "minecraft:ore_andesite_lower",
      "minecraft:ore_tuff",
      "minecraft:ore_coal_upper",
      "minecraft:ore_coal_lower",
      "minecraft:ore_iron_upper",
      "minecraft:ore_iron_middle",
      "minecraft:ore_iron_small",
      "minecraft:ore_gold",
      "minecraft:ore_gold_lower",
      "minecraft:ore_redstone",
      "minecraft:ore_redstone_lower",
      "minecraft:ore_diamond",
      "minecraft:ore_diamond_large",
      "minecraft:ore_diamond_buried",
      "minecraft:ore_lapis",
      "minecraft:ore_lapis_buried",
      "minecraft:ore_copper",
      "minecraft:underwater_magma",
      "minecraft:disk_sand",
      "minecraft:disk_clay",
      "minecraft:disk_gravel"
    ],
    [],
    [
      "minecraft:spring_water",
      "minecraft:spring_lava"
    ],
    [
      "minecraft:glow_lichen",
      "minecraft:brown_mushroom_normal",
      "minecraft:red_mushroom_normal",
      "second:dead_tree",
      "second:cobble_blob"
    ],
    []
    ]
  }
  