{
	"credit": "Made with Blockbench,by FrantisekV8",
	"texture_size": [32, 32],
	"textures": {
		"0": "item/rainscroll",
		"particle": "item/rainscroll"
	},
	"elements": [
		{
			"from": [2, 0, 1],
			"to": [11, 1, 2],
			"faces": {
				"north": {"uv": [5, 6, 9.5, 6.5], "texture": "#0"},
				"east": {"uv": [0, 10, 0.5, 10.5], "texture": "#0"},
				"south": {"uv": [5, 6.5, 9.5, 7], "texture": "#0"},
				"west": {"uv": [0.5, 10, 1, 10.5], "texture": "#0"},
				"up": {"uv": [9.5, 7.5, 5, 7], "texture": "#0"},
				"down": {"uv": [9.5, 7.5, 5, 8], "texture": "#0"}
			}
		},
		{
			"from": [1, 0, 2],
			"to": [12, 1, 3],
			"faces": {
				"north": {"uv": [5, 0, 10.5, 0.5], "texture": "#0"},
				"east": {"uv": [1, 10, 1.5, 10.5], "texture": "#0"},
				"south": {"uv": [5, 0.5, 10.5, 1], "texture": "#0"},
				"west": {"uv": [1.5, 10, 2, 10.5], "texture": "#0"},
				"up": {"uv": [10.5, 1.5, 5, 1], "texture": "#0"},
				"down": {"uv": [10.5, 1.5, 5, 2], "texture": "#0"}
			}
		},
		{
			"from": [0, 0, 3],
			"to": [3, 1, 4],
			"faces": {
				"north": {"uv": [9.5, 6, 11, 6.5], "texture": "#0"},
				"east": {"uv": [4, 10, 4.5, 10.5], "texture": "#0"},
				"south": {"uv": [9.5, 6.5, 11, 7], "texture": "#0"},
				"west": {"uv": [10, 4, 10.5, 4.5], "texture": "#0"},
				"up": {"uv": [11, 7.5, 9.5, 7], "texture": "#0"},
				"down": {"uv": [11, 7.5, 9.5, 8], "texture": "#0"}
			}
		},
		{
			"from": [13, 0, 12],
			"to": [15, 1, 13],
			"faces": {
				"north": {"uv": [9.5, 8, 10.5, 8.5], "texture": "#0"},
				"east": {"uv": [4.5, 10, 5, 10.5], "texture": "#0"},
				"south": {"uv": [9.5, 8.5, 10.5, 9], "texture": "#0"},
				"west": {"uv": [10, 4.5, 10.5, 5], "texture": "#0"},
				"up": {"uv": [10.5, 9.5, 9.5, 9], "texture": "#0"},
				"down": {"uv": [10.5, 9.5, 9.5, 10], "texture": "#0"}
			}
		},
		{
			"from": [4, 0, 13],
			"to": [15, 1, 14],
			"faces": {
				"north": {"uv": [5, 2, 10.5, 2.5], "texture": "#0"},
				"east": {"uv": [2, 10, 2.5, 10.5], "texture": "#0"},
				"south": {"uv": [5, 2.5, 10.5, 3], "texture": "#0"},
				"west": {"uv": [2.5, 10, 3, 10.5], "texture": "#0"},
				"up": {"uv": [10.5, 3.5, 5, 3], "texture": "#0"},
				"down": {"uv": [10.5, 3.5, 5, 4], "texture": "#0"}
			}
		},
		{
			"from": [5, 0, 14],
			"to": [14, 1, 15],
			"faces": {
				"north": {"uv": [5, 8, 9.5, 8.5], "texture": "#0"},
				"east": {"uv": [3, 10, 3.5, 10.5], "texture": "#0"},
				"south": {"uv": [5, 8.5, 9.5, 9], "texture": "#0"},
				"west": {"uv": [3.5, 10, 4, 10.5], "texture": "#0"},
				"up": {"uv": [9.5, 9.5, 5, 9], "texture": "#0"},
				"down": {"uv": [9.5, 9.5, 5, 10], "texture": "#0"}
			}
		},
		{
			"from": [3, 0, 3],
			"to": [13, 1, 13],
			"faces": {
				"north": {"uv": [5, 4, 10, 4.5], "texture": "#0"},
				"east": {"uv": [5, 4.5, 10, 5], "texture": "#0"},
				"south": {"uv": [5, 5, 10, 5.5], "texture": "#0"},
				"west": {"uv": [5, 5.5, 10, 6], "texture": "#0"},
				"up": {"uv": [5, 5, 0, 0], "texture": "#0"},
				"down": {"uv": [5, 5, 0, 10], "texture": "#0"}
			}
		}
	],
	"gui_light": "front",
	"display": {
		"thirdperson_righthand": {
			"rotation": [90, 0, 0],
			"translation": [0, 3, 4],
			"scale": [0.5, 0.5, 0.5]
		},
		"thirdperson_lefthand": {
			"rotation": [90, 0, 0],
			"translation": [0, 3, 4],
			"scale": [0.5, 0.5, 0.5]
		},
		"firstperson_righthand": {
			"rotation": [90, 3.25, 19.5],
			"translation": [0, 2.5, 4],
			"scale": [0.5, 0.5, 0.5]
		},
		"firstperson_lefthand": {
			"rotation": [90, 3.25, 19.5],
			"translation": [0, 2.5, 4],
			"scale": [0.5, 0.5, 0.5]
		},
		"ground": {
			"rotation": [90, 0, 0],
			"translation": [0, 3, 4],
			"scale": [0.5, 0.5, 0.5]
		},
		"gui": {
			"rotation": [90, 0, 0],
			"translation": [0, 0, -7.25]
		},
		"head": {
			"translation": [0, 13.5, 0]
		},
		"fixed": {
			"rotation": [90, 0, 180],
			"translation": [0, 0, -7.25]
		}
	}
}