{
	"description": "Reach",
	"supported_items": "minecraft:warped_fungus_on_a_stick",
	"primary_items": "minecraft:warped_fungus_on_a_stick",
	"weight": 1,
	"max_level": 1,
	"min_cost": {
		"base": 15,
		"per_level_above_first": 6
	},
	"max_cost": {
		"base": 59,
		"per_level_above_first": 10
	},
	"anvil_cost": 0,
	"slots": [
		"mainhand"
	],
	"effects": {
		"minecraft:attributes": [
			{
				"id": "reach",
				"attribute": "minecraft:player.entity_interaction_range",
				"amount": 1,
				"operation": "add_value"
			}
		]
	}
}
