{
	"type": "minecraft:chest",
	"pools": [
		{
			"rolls": 1,
			"entries": [
				{
					"type": "minecraft:item",
					"name": "minecraft:enchanted_book",
					"weight": 1,
					"functions": [
						{
							"function": "minecraft:set_custom_data",
							"tag": "{rumdu:1}"
						},
						{
							"function": "minecraft:set_name",
							"entity": "this",
							"name": {
								"text": "Book of Rumdu",
								"color": "yellow",
								"italic": false
							}
						}
					]
				}
			]
		},
		{
			"rolls": 1,
			"entries": [
				{
					"type": "minecraft:item",
					"name": "minecraft:crossbow"
				}
			]
		},
		{
			"rolls": {
				"min": 0,
				"max": 27
			},
			"entries": [
				{
					"type": "minecraft:item",
					"name": "minecraft:orange_dye",
					"weight": 5,
					"functions": [
						{
							"function": "minecraft:set_count",
							"count": {
								"min": 0,
								"max": 14
							}
						}
					]
				},
				{
					"type": "minecraft:item",
					"name": "minecraft:black_glazed_terracotta",
					"weight": 2
				},
				{
					"type": "minecraft:item",
					"name": "minecraft:enchanted_book",
					"weight": 1,
					"functions": [
						{
							"function": "minecraft:enchant_randomly",
							"enchantments": [
								"minecraft:binding_curse",
								"minecraft:multishot",
								"minecraft:fire_aspect",
								"minecraft:vanishing_curse",
								"minecraft:piercing",
								"minecraft:quick_charge"
							]
						}
					]
				},
				{
					"type": "minecraft:item",
					"name": "minecraft:gunpowder",
					"weight": 3,
					"functions": [
						{
							"function": "minecraft:set_count",
							"count": {
								"min": 0,
								"max": 21
							}
						}
					]
				},
				{
					"type": "minecraft:item",
					"name": "minecraft:lapis_lazuli",
					"weight": 1
				},
				{
					"type": "minecraft:item",
					"name": "minecraft:terracotta",
					"weight": 15,
					"functions": [
						{
							"function": "minecraft:set_count",
							"count": {
								"min": 1,
								"max": 7
							}
						}
					]
				},
				{
					"type": "minecraft:item",
					"name": "minecraft:red_sand",
					"weight": 5,
					"functions": [
						{
							"function": "minecraft:set_count",
							"count": {
								"min": 0,
								"max": 12
							}
						}
					]
				}
			]
		}
	]
}
