{
    "condition": "minecraft:all_of",
    "terms": [
      {
        "condition": "minecraft:entity_properties",
        "entity": "this",
        "predicate": {
          "type": "minecraft:player",
          "equipment": {
            "mainhand": {
              "items": [
                "minecraft:diamond_sword"
              ],
              "nbt": "{ring:8}"
            },
            "offhand": {
              "items": [
                "minecraft:air"
              ]
            }
          }
        }
      }
    ]
  }
  