{
	"type": "second:limbo",
	"generator": {
		"type": "minecraft:noise",
		"settings": "second:limbo",
		"biome_source": {
			"type": "minecraft:multi_noise",
			"biomes": [
				{
					"biome": "second:dead_plains",
					"parameters": {
						"temperature": [
							0,
							1
						],
						"humidity": [
							0,
							1
						],
						"continentalness": [
							0,
							1
						],
						"erosion": [
							0,
							1
						],
						"weirdness": [
							0,
							1
						],
						"depth": [
							0,
							1
						],
						"offset": 0
					}
				}
			]
		}
	}
}
