{
	"display": {
		"icon": {
			"id": "minecraft:bow",
			"components": {
				"minecraft:enchantment_glint_override": true
			}
		},
		"title": "I want his bow",
		"description": "Kill Dead Ninja",
		"frame": "goal"
	},
	"parent": "first:talesofsilta/basicspells",
	"criteria": {
		"kill": {
			"trigger": "minecraft:player_killed_entity",
			"conditions": {
				"entity": [
					{
						"condition": "minecraft:entity_properties",
						"entity": "this",
						"predicate": {
							"type": "minecraft:skeleton",
							"nbt": "{Tags:[\"deadninja\"]}"
						}
					}
				]
			}
		}
	}
}
