{
  "parent": "minecraft:item/handheld",
  "textures": {
    "layer0": "minecraft:item/diamond_sword"
  },
  "overrides": [
    {
      "predicate": {
        "custom_model_data": 11101
      },
      "model": "minecraft:custom/airring"
    },
    {
      "predicate": {
        "custom_model_data": 11102
      },
      "model": "minecraft:custom/earthring"
    },
    {
      "predicate": {
        "custom_model_data": 11103
      },
      "model": "minecraft:custom/endring"
    },
    {
      "predicate": {
        "custom_model_data": 11104
      },
      "model": "minecraft:custom/firering"
    },
    {
      "predicate": {
        "custom_model_data": 11105
      },
      "model": "minecraft:custom/icering"
    },
    {
      "predicate": {
        "custom_model_data": 11106
      },
      "model": "minecraft:custom/skulkring"
    },
    {
      "predicate": {
        "custom_model_data": 11107
      },
      "model": "minecraft:custom/ustraring"
    },
    {
      "predicate": {
        "custom_model_data": 11108
      },
      "model": "minecraft:custom/waterring"
    },
    {
      "predicate": {
        "custom_model_data": 11109
      },
      "model": "minecraft:custom/witherring"
    }
  ]
}
